gene,train_mean_pre_zscore,train_std_pre_zscore,std_used,near_zero_std,residualized
CXCL10,2.65289,1.7370962,1.7370962,False,False
CXCL5,1.5942932,2.02044,2.02044,False,False
CXCL1,2.929963,1.7721925,1.7721925,False,False
CXCL9,3.044235,1.9909902,1.9909902,False,False
SOCS3,4.252577,1.6568991,1.6568991,False,False
MMP3,2.1729171,2.0820522,2.0820522,False,False
S100A9,3.0361624,1.9105967,1.9105967,False,False
IL1B,2.4063153,1.6016135,1.6016135,False,False
S100A8,1.5443218,1.7755781,1.7755781,False,False
MMP1,3.1798203,2.0569296,2.0569296,False,False
CHI3L1,1.9178333,2.095986,2.095986,False,False
CXCL11,1.6459721,1.5685574,1.5685574,False,False
MMP10,0.9268889,1.3071897,1.3071897,False,False
MMP7,0.8979677,1.4309185,1.4309185,False,False
SAA2,0.92747694,1.3238494,1.3238494,False,False
IDO1,3.409803,1.9765594,1.9765594,False,False
MMP12,4.4402666,1.7515937,1.7515937,False,False
DUOXA2,2.63456,2.4596567,2.4596567,False,False
ABCA12,1.0214114,1.4835353,1.4835353,False,False
LCN2,5.032092,2.2274675,2.2274675,False,False
IGHG1,7.6971865,2.7379892,2.7379892,False,False
DUOX2,4.8796105,2.7424004,2.7424004,False,False
FPR2,0.8291488,1.2448021,1.2448021,False,False
GUCA2B,5.1698833,1.9126893,1.9126893,False,False
AQP9,0.9199048,1.4858022,1.4858022,False,False
SLC6A14,2.8219988,2.2622092,2.2622092,False,False
GBP5,3.9872615,1.506723,1.506723,False,False
FCGR3B,1.4529608,1.5368558,1.5368558,False,False
OSM,0.9646908,1.2183968,1.2183968,False,False
TREM1,0.81574637,1.2003589,1.2003589,False,False
CCL20,3.9358642,1.6560365,1.6560365,False,False
GREM1,4.5101867,1.8730646,1.8730646,False,False
IGHG2,7.1352825,2.5049078,2.5049078,False,False
SELE,1.1157366,1.365116,1.365116,False,False
GUCA2A,7.5048256,2.0446813,2.0446813,False,False
IGHG3,5.410424,2.765756,2.765756,False,False
NOS2,5.441751,1.9151841,1.9151841,False,False
UBD,4.1192055,2.2160468,2.2160468,False,False
CXCL13,2.0127614,2.0642917,2.0642917,False,False
CDKN2B-AS1,5.024035,1.6577675,1.6577675,False,False
FPR1,1.5015204,1.4449146,1.4449146,False,False
IGKV1-9,4.694907,1.7233119,1.7233119,False,False
FOLH1,1.658818,2.0471492,2.0471492,False,False
SAA1,0.996146,1.4847763,1.4847763,False,False
CXCL6,1.4853278,1.4070042,1.4070042,False,False
PNLIPRP2,3.3180554,2.2964246,2.2964246,False,False
COL1A1,6.0019813,1.8388832,1.8388832,False,False
MMP9,4.044851,1.6551224,1.6551224,False,False
MUC5AC,1.6091977,1.9612978,1.9612978,False,False
PI3,3.2187848,2.1625862,2.1625862,False,False
TNIP3,1.6093163,1.4988432,1.4988432,False,False
PCK1,7.543219,2.1080384,2.1080384,False,False
CXCL2,1.9546263,1.3233768,1.3233768,False,False
HLA-DQA2,3.3050454,1.254482,1.254482,False,False
REG1B,3.6729965,3.498192,3.498192,False,False
INHBA,1.3662955,1.2374593,1.2374593,False,False
CXCL3,2.1004355,1.4659644,1.4659644,False,False
IGHG4,5.2071767,2.460692,2.460692,False,False
SLC6A19,5.0050077,3.2932992,3.2932992,False,False
CXCR2,0.8324852,1.1406873,1.1406873,False,False
SELL,3.0835836,1.7625098,1.7625098,False,False
PIM2,4.8455167,1.3507317,1.3507317,False,False
CCL18,2.6346958,1.6464938,1.6464938,False,False
IGLV2-23,5.421014,1.5795184,1.5795184,False,False
FCN1,1.6294316,1.4262187,1.4262187,False,False
RBP2,3.533133,3.314962,3.314962,False,False
IGKV3D-20,4.267712,1.5959661,1.5959661,False,False
CR2,3.234037,2.1448808,2.1448808,False,False
AQP8,5.898219,3.83916,3.83916,False,False
IGLV2-14,5.9765944,1.6418196,1.6418196,False,False
ERAP2,5.8670177,1.5480101,1.5480101,False,False
DMBT1,8.270881,2.760465,2.760465,False,False
REG1A,6.4117227,3.9727585,3.9727585,False,False
HOXB13,3.6663122,3.2239957,3.2239957,False,False
BANK1,2.920941,1.6845853,1.6845853,False,False
MT1H,3.3567064,1.6130008,1.6130008,False,False
CXCR4,3.9673173,1.4797014,1.4797014,False,False
MT1M,3.8741438,1.7071695,1.7071695,False,False
FCGR3A,2.9642727,1.4507056,1.4507056,False,False
CSF2RB,4.6554255,1.2590256,1.2590256,False,False
HLA-DRB5,5.659913,1.7502939,1.7502939,False,False
IL1RN,2.3795671,1.4410965,1.4410965,False,False
IGKV1-17,4.2154627,1.6275697,1.6275697,False,False
C3,5.617271,1.9367201,1.9367201,False,False
GSTA1,4.448406,3.0079532,3.0079532,False,False
CYP4F2,3.2106202,2.423819,2.423819,False,False
GBP1,5.4478564,1.2869834,1.2869834,False,False
MS4A1,3.5817652,2.3015757,2.3015757,False,False
TNFAIP6,0.8693956,0.99787706,0.99787706,False,False
CLDN8,3.5085936,2.7317088,2.7317088,False,False
S100P,5.2296567,1.9418933,1.9418933,False,False
CD22,2.763431,1.7889568,1.7889568,False,False
CDHR1,5.389798,1.6285297,1.6285297,False,False
CCL19,2.806934,2.034508,2.034508,False,False
HMGCS2,7.2721276,2.3805203,2.3805203,False,False
TNC,5.3610644,1.7399423,1.7399423,False,False
POSTN,5.184535,1.7175573,1.7175573,False,False
PRKG2,3.7458968,2.0016098,2.0016098,False,False
MUC5B,5.5895324,2.7377572,2.7377572,False,False
SLC13A1,2.0527198,2.755212,2.755212,False,False
CDH3,1.8872886,1.5910659,1.5910659,False,False
REG3A,5.511238,3.9960208,3.9960208,False,False
IGFBP5,5.9420404,1.4450934,1.4450934,False,False
SLC51A,3.8850777,2.2606385,2.2606385,False,False
CCL11,2.3509521,1.4545425,1.4545425,False,False
MEP1B,5.464843,3.2842815,3.2842815,False,False
CTSK,4.481693,1.1712105,1.1712105,False,False
TMIGD1,5.9128995,2.057878,2.057878,False,False
CCR7,2.375754,1.6157235,1.6157235,False,False
PLEK,4.1588492,1.3702893,1.3702893,False,False
ALPI,4.8349724,2.4140458,2.4140458,False,False
POU2AF1,4.012339,1.4119068,1.4119068,False,False
IGHM,8.781241,1.760674,1.760674,False,False
SERPINA3,1.819882,1.6688304,1.6688304,False,False
SLC10A2,2.8578804,3.4138596,3.4138596,False,False
DEFA5,6.3186083,3.9492524,3.9492524,False,False
DPEP1,4.2555313,3.5681581,3.5681581,False,False
CD79A,3.8102796,1.8168075,1.8168075,False,False
LINC00668,4.1522846,1.7394333,1.7394333,False,False
IRF4,4.8908186,1.3514985,1.3514985,False,False
FCGR2A,3.8747873,1.1250585,1.1250585,False,False
OLFM4,9.759286,2.319153,2.319153,False,False
XPNPEP2,4.2220745,2.9722774,2.9722774,False,False
HCAR2,0.8912985,1.1237329,1.1237329,False,False
DEFA6,5.2930536,3.823061,3.823061,False,False
CCL2,2.67508,1.2201308,1.2201308,False,False
SLC5A12,2.9170117,3.1831603,3.1831603,False,False
FRMD1,4.2723904,1.4101108,1.4101108,False,False
GBP4,5.084295,1.3730996,1.3730996,False,False
COL15A1,4.834231,1.1846641,1.1846641,False,False
MZB1,4.825837,1.4617476,1.4617476,False,False
IGLC2,8.337884,1.7767351,1.7767351,False,False
CR1,3.3962014,1.5554053,1.5554053,False,False
MS4A10,2.5593536,3.0818627,3.0818627,False,False
AVPR1A,1.0268465,0.7584646,0.7584646,False,False
COL12A1,5.1074476,1.4824905,1.4824905,False,False
CD55,5.610812,1.2220354,1.2220354,False,False
PDZK1,3.6082203,2.3656995,2.3656995,False,False
ABCG2,6.4777975,2.155421,2.155421,False,False
SPINK4,6.734453,1.9969884,1.9969884,False,False
CYP3A4,4.5988603,3.4855466,3.4855466,False,False
REG3G,1.0184505,1.7965271,1.7965271,False,False
NAALADL1,4.5664697,2.2838845,2.2838845,False,False
COL18A1,5.5512004,1.1779836,1.1779836,False,False
FOS,5.9723783,1.6571505,1.6571505,False,False
CCL21,3.5856483,2.0446925,2.0446925,False,False
CCL25,2.220971,2.9620256,2.9620256,False,False
PTGS2,2.4188364,1.3865685,1.3865685,False,False
PAX5,2.2651331,1.7637956,1.7637956,False,False
PLAU,3.7837577,1.1659192,1.1659192,False,False
FABP6,4.430067,4.083875,4.083875,False,False
CYP4F11,2.9753373,1.7577168,1.7577168,False,False
CD177,5.5937533,3.2828743,3.2828743,False,False
SERPINE1,1.7382408,1.5358799,1.5358799,False,False
COL5A1,5.590933,1.088307,1.088307,False,False
CHIT1,1.1040049,1.3938172,1.3938172,False,False
C4B,4.3325424,1.4453708,1.4453708,False,False
IGLC3,7.8470216,1.6668606,1.6668606,False,False
HLA-V,0.7758912,1.0674378,1.0674378,False,False
FCRLA,2.154619,1.6089617,1.6089617,False,False
PI15,2.5355148,1.6348814,1.6348814,False,False
CSF3R,2.0415733,1.3512152,1.3512152,False,False
CFI,3.7767205,1.6222095,1.6222095,False,False
SULT2A1,2.0608523,2.5703614,2.5703614,False,False
COL3A1,8.90243,1.3152881,1.3152881,False,False
TCL1A,1.2739589,1.630012,1.630012,False,False
LTF,2.424731,1.600464,1.600464,False,False
ICAM1,4.1790457,1.2587775,1.2587775,False,False
SLC6A4,2.8104053,2.8672817,2.8672817,False,False
MT1G,5.3203683,1.6912698,1.6912698,False,False
FCRL3,2.3831825,1.6754634,1.6754634,False,False
COL4A1,6.4426384,1.2727628,1.2727628,False,False
APOC3,2.5972445,3.4219332,3.4219332,False,False
VWF,5.6488833,1.2727554,1.2727554,False,False
CD79B,3.0192873,1.7227834,1.7227834,False,False
ITGA5,4.3955746,1.121968,1.121968,False,False
MGAM,4.8820696,3.5721157,3.5721157,False,False
FAM3B,3.4530337,3.0583344,3.0583344,False,False
FCRL5,3.7486904,1.4225345,1.4225345,False,False
C4BPA,1.6725494,1.3019645,1.3019645,False,False
FAP,1.0833184,1.0142239,1.0142239,False,False
ALDOB,6.9058943,3.970478,3.970478,False,False
CD19,2.3280463,1.667089,1.667089,False,False
ZG16,9.091765,1.8913224,1.8913224,False,False
UGT2A3,6.6252556,2.2494404,2.2494404,False,False
C4A,4.36078,1.4382557,1.4382557,False,False
FCGR1A,1.3032286,0.9803813,0.9803813,False,False
IGHD,1.409131,1.4941864,1.4941864,False,False
SULT1A2,4.724811,1.416196,1.416196,False,False
COL1A2,7.397267,1.4036446,1.4036446,False,False
COL14A1,5.365914,1.313893,1.313893,False,False
TNR,0.77259386,0.75263417,0.75263417,False,False
NCF2,3.705166,1.029572,1.029572,False,False
IL21R,2.3901129,1.3073967,1.3073967,False,False
SLC13A2,3.425606,1.9931735,1.9931735,False,False
SLC2A3,3.792928,1.2178954,1.2178954,False,False
PLA2G2D,1.7120736,1.6354233,1.6354233,False,False
C4BPB,2.269042,1.2876167,1.2876167,False,False
MNDA,2.5512648,1.1644483,1.1644483,False,False
GSTM1,2.3948917,1.5462654,1.5462654,False,False
PDPN,2.2010202,1.2720628,1.2720628,False,False
JAK3,4.047594,1.4495852,1.4495852,False,False
B4GALNT2,5.3356447,2.074099,2.074099,False,False
SLC15A1,4.5543604,2.8872597,2.8872597,False,False
IL7R,5.35191,1.4025578,1.4025578,False,False
BMP3,5.1387057,1.8525078,1.8525078,False,False
STAT1,7.3194003,1.0329137,1.0329137,False,False
PDE4B,3.8316727,1.1567787,1.1567787,False,False
ANXA1,5.111371,1.0592719,1.0592719,False,False
COL6A1,6.5569835,1.0886481,1.0886481,False,False
PRRX1,2.0697758,1.35987,1.35987,False,False
GSTA2,2.385009,2.6920495,2.6920495,False,False
MASP1,2.0611863,1.3422655,1.3422655,False,False
KCND3,3.4348168,1.2587059,1.2587059,False,False
ITGB2,5.4737573,1.1278204,1.1278204,False,False
L1TD1,2.8065803,2.082214,2.082214,False,False
ALDH1A2,1.3768339,1.2753345,1.2753345,False,False
CREB3L3,2.7685056,2.749244,2.749244,False,False
CA1,7.068791,3.4162753,3.4162753,False,False
RGS5,5.452898,1.1942139,1.1942139,False,False
SLC7A9,3.0578225,3.4077249,3.4077249,False,False
VCAM1,5.008969,1.2934557,1.2934557,False,False
TNFRSF6B,2.3784876,1.567942,1.567942,False,False
ADAMTS4,1.7465366,1.3203666,1.3203666,False,False
PRKCB,4.5339837,1.0795671,1.0795671,False,False
IGHA2,9.529006,1.9336513,1.9336513,False,False
DAPP1,3.577701,1.1925111,1.1925111,False,False
SLC28A2,5.3088856,2.1861064,2.1861064,False,False
FADS2,3.3595357,1.3669481,1.3669481,False,False
CHP2,7.336472,1.5993592,1.5993592,False,False
C1R,5.9220333,1.1318284,1.1318284,False,False
INSL5,2.7160933,2.8974059,2.8974059,False,False
GBA3,4.6773133,2.5667398,2.5667398,False,False
SULT1A1,6.166986,1.1407346,1.1407346,False,False
SERPINB5,4.1847234,1.9861693,1.9861693,False,False
COL6A3,7.077358,1.3781692,1.3781692,False,False
MYEOV,2.0273135,1.417215,1.417215,False,False
DES,5.0252147,1.8428338,1.8428338,False,False
ITGAX,3.5049422,1.3205478,1.3205478,False,False
PTGDS,3.168854,1.9143873,1.9143873,False,False
TDRD1,0.7540423,0.9106139,0.9106139,False,False
CFB,6.017472,1.6287707,1.6287707,False,False
LYPD8,5.7077246,1.8860587,1.8860587,False,False
CCL3,1.5215753,1.0532507,1.0532507,False,False
SDR16C5,3.672016,1.5536686,1.5536686,False,False
TIMP1,4.341817,1.5222123,1.5222123,False,False
IGSF9,4.360341,1.3370334,1.3370334,False,False
THY1,3.4136384,1.4092166,1.4092166,False,False
IL2RA,2.2422068,1.1640589,1.1640589,False,False
FCRL1,2.2125175,1.7214078,1.7214078,False,False
FN1,6.6691175,1.6387465,1.6387465,False,False
HOXD13,1.4914892,2.1607218,2.1607218,False,False
STC1,1.1557348,1.10715,1.10715,False,False
MT1F,3.7919483,1.4037867,1.4037867,False,False
OSMR,3.5327685,0.9960704,0.9960704,False,False
NTS,2.6844118,3.042657,3.042657,False,False
IL1R1,5.108782,0.9489071,0.9489071,False,False
CCL4,1.7891669,1.0564505,1.0564505,False,False
MS4A12,5.310005,3.2387023,3.2387023,False,False
TM4SF1,5.119217,1.0736738,1.0736738,False,False
CD40,3.5364969,1.0810146,1.0810146,False,False
PXDN,4.6524773,1.0466539,1.0466539,False,False
SLC37A2,4.5410843,2.0915983,2.0915983,False,False
COL5A2,5.8945103,1.2424643,1.2424643,False,False
MUC12,6.4020896,2.4817963,2.4817963,False,False
TLR10,2.4619877,1.5309929,1.5309929,False,False
ADM,4.580937,1.2397554,1.2397554,False,False
FDCSP,1.3803309,1.7709371,1.7709371,False,False
TNFAIP2,5.1277637,1.1482644,1.1482644,False,False
OTOP2,3.0999618,1.6855497,1.6855497,False,False
ADAMTS2,2.751502,1.0799589,1.0799589,False,False
KYNU,2.8822513,1.3376695,1.3376695,False,False
TRPM6,6.2546015,1.8615748,1.8615748,False,False
F13A1,4.813974,1.2601485,1.2601485,False,False
TDO2,1.9475045,1.296342,1.296342,False,False
NLRP2,2.9226341,1.5327992,1.5327992,False,False
CAPN13,4.472554,1.512781,1.512781,False,False
UGT2B17,8.028472,2.9430141,2.9430141,False,False
PRAC1,2.3681016,2.4475684,2.4475684,False,False
C2,5.104609,1.3649614,1.3649614,False,False
CA7,4.3445683,1.5422941,1.5422941,False,False
ZC3H12A,4.651347,0.97946954,0.97946954,False,False
NOTCH3,3.3194363,1.1835817,1.1835817,False,False
PCSK9,3.0712764,1.3404498,1.3404498,False,False
LAMP3,2.414646,1.2795203,1.2795203,False,False
ADAM19,4.637163,1.1645557,1.1645557,False,False
TFF1,4.952123,1.6201833,1.6201833,False,False
THBS2,1.9031835,1.2976922,1.2976922,False,False
DUOXA1,1.3616922,1.5251405,1.5251405,False,False
SLC17A8,2.7770133,2.266494,2.266494,False,False
VNN1,4.1232805,2.3125892,2.3125892,False,False
CPB1,1.1968132,1.5179487,1.5179487,False,False
IL33,3.48251,1.1126604,1.1126604,False,False
IFITM1,5.9026084,1.0075884,1.0075884,False,False
ST3GAL4,4.8189254,2.1984308,2.1984308,False,False
HAPLN3,2.376727,1.3753144,1.3753144,False,False
RASSF2,4.9367447,1.1208223,1.1208223,False,False
MUC4,6.089046,2.1601293,2.1601293,False,False
HSD3B2,2.0871527,1.7351099,1.7351099,False,False
CEACAM7,7.883099,3.8368394,3.8368394,False,False
FGR,2.6919057,1.1134106,1.1134106,False,False
PLA2G7,3.587744,1.1264275,1.1264275,False,False
NNMT,3.1326134,1.3575882,1.3575882,False,False
CA2,7.658026,3.401211,3.401211,False,False
C6,1.0660061,1.0449181,1.0449181,False,False
LILRB4,2.5562756,1.1839931,1.1839931,False,False
PRKY,2.1264257,1.5104138,1.5104138,False,False
PLAUR,4.502288,1.1964191,1.1964191,False,False
AMN,7.014978,1.158355,1.158355,False,False
DERL3,3.8296258,1.2355245,1.2355245,False,False
LUM,6.619445,1.1923642,1.1923642,False,False
PDZK1IP1,4.4517965,1.4960811,1.4960811,False,False
SPOCK2,4.6170263,1.3155425,1.3155425,False,False
NR1H4,4.1539507,2.3542883,2.3542883,False,False
MME,4.905814,3.251322,3.251322,False,False
SLC44A5,2.3886397,1.7617528,1.7617528,False,False
SPP1,1.6816727,1.1901629,1.1901629,False,False
REG4,7.3273344,2.2193465,2.2193465,False,False
CXCR5,2.292651,1.2792364,1.2792364,False,False
CDHR5,7.5862136,1.7649297,1.7649297,False,False
PSMB9,5.59438,1.0658551,1.0658551,False,False
CLU,4.9828234,1.6051662,1.6051662,False,False
CD38,3.3905225,1.1473122,1.1473122,False,False
UGT2B15,5.5492024,2.2275474,2.2275474,False,False
FSTL1,6.1099544,1.0729429,1.0729429,False,False
AADAC,2.4611483,3.1236162,3.1236162,False,False
SRGN,5.7828584,1.1358857,1.1358857,False,False
MYO3A,1.0092211,0.8996868,0.8996868,False,False
SLC23A1,3.306219,2.196577,2.196577,False,False
TFPI2,1.377726,1.1310811,1.1310811,False,False
KLHL6,4.4055414,1.1994088,1.1994088,False,False
ANPEP,8.336611,2.8070865,2.8070865,False,False
C2CD4A,1.6282666,1.1384507,1.1384507,False,False
OAS2,4.101024,1.0337702,1.0337702,False,False
WDFY4,4.544041,1.413407,1.413407,False,False
PTPRC,6.7246404,1.4163154,1.4163154,False,False
COL8A1,1.6577352,1.1485223,1.1485223,False,False
CD83,3.3264127,1.2742007,1.2742007,False,False
CPS1,3.9939342,3.5208795,3.5208795,False,False
MEF2C,4.930397,0.98809236,0.98809236,False,False
ITGAL,4.4745708,1.137338,1.137338,False,False
IGHA1,10.212593,1.8554804,1.8554804,False,False
CCL22,1.5544906,1.2619233,1.2619233,False,False
PDGFRB,4.58864,1.0578586,1.0578586,False,False
SLC25A34,4.042656,1.1878376,1.1878376,False,False
BEST4,4.0560904,1.5299033,1.5299033,False,False
AKR1B15,2.1184711,1.4541956,1.4541956,False,False
MMP2,5.1413565,1.3538476,1.3538476,False,False
FCRL4,1.1326913,1.151774,1.151774,False,False
LAX1,3.3038304,1.2054719,1.2054719,False,False
VPREB3,1.2039623,1.382938,1.382938,False,False
TM4SF5,3.022665,1.5772799,1.5772799,False,False
IGLL5,6.616212,1.9949093,1.9949093,False,False
PLB1,3.7266645,2.3272834,2.3272834,False,False
THEMIS2,3.9431677,1.0148917,1.0148917,False,False
SLC27A6,0.8254821,0.67834735,0.67834735,False,False
NEU4,4.4400535,1.2299198,1.2299198,False,False
KHK,4.2150955,2.3411283,2.3411283,False,False
HLA-DOA,4.5697618,1.0770347,1.0770347,False,False
GREM2,2.9575007,1.4156356,1.4156356,False,False
BLK,2.2193875,1.4992825,1.4992825,False,False
SLC11A1,1.2512223,0.980381,0.980381,False,False
FCER2,1.4489543,1.3168449,1.3168449,False,False
CD180,2.973857,1.1507596,1.1507596,False,False
CKB,6.965666,2.6773014,2.6773014,False,False
SELP,2.4833362,1.1685423,1.1685423,False,False
ABCA8,4.6476536,1.511164,1.511164,False,False
TRIM29,1.7557915,1.3698608,1.3698608,False,False
GPNMB,5.573511,1.2963494,1.2963494,False,False
CD53,5.1703873,1.1898314,1.1898314,False,False
GRAPL,1.4569113,1.0810227,1.0810227,False,False
LTB,3.1492684,1.6854496,1.6854496,False,False
CARD11,3.0940819,1.1829455,1.1829455,False,False
PITX2,2.0705721,1.9610693,1.9610693,False,False
FGF7,2.86248,1.1270658,1.1270658,False,False
MYH11,7.169353,1.3167893,1.3167893,False,False
CPXM1,1.5669664,1.2009522,1.2009522,False,False
SLC30A10,4.620953,1.6646065,1.6646065,False,False
SPIB,5.004389,1.2190192,1.2190192,False,False
ANGPTL2,3.8820114,0.94821393,0.94821393,False,False
CA4,5.7894244,2.0849833,2.0849833,False,False
ITLN1,8.504372,1.6304988,1.6304988,False,False
CLCA4,7.6654716,2.8105977,2.8105977,False,False
FOSB,1.6815346,1.8913692,1.8913692,False,False
ACSL1,4.813612,1.0823364,1.0823364,False,False
ACTG2,4.1657877,1.594952,1.594952,False,False
GZMB,1.3376979,1.0521792,1.0521792,False,False
CD37,3.3704164,1.5808727,1.5808727,False,False
S1PR1,3.1599185,1.0559639,1.0559639,False,False
ENPEP,4.69568,3.6749458,3.6749458,False,False
C7,4.311447,1.3948563,1.3948563,False,False
COL4A2,6.8467746,0.97896814,0.97896814,False,False
BRINP3,3.476551,1.7981503,1.7981503,False,False
INPP5D,4.747242,1.0487562,1.0487562,False,False
COL6A2,7.2714634,1.1166542,1.1166542,False,False
ENPP7,1.3648812,1.9060781,1.9060781,False,False
SERPINB9,3.9782524,1.041467,1.041467,False,False
FAM163B,0.8417357,1.0655031,1.0655031,False,False
TAGAP,3.5112638,1.1611986,1.1611986,False,False
APOE,5.8578343,1.2929701,1.2929701,False,False
TM4SF4,2.2153988,2.543431,2.543431,False,False
CTHRC1,1.3613855,0.8685362,0.8685362,False,False
IFI6,4.421672,1.1797067,1.1797067,False,False
ADIRF,5.009801,1.7349573,1.7349573,False,False
WNT5A,3.9537492,1.1754771,1.1754771,False,False
FADS6,1.93959,1.9977963,1.9977963,False,False
PADI2,7.038897,1.9625072,1.9625072,False,False
CLDN18,0.98120546,1.0401793,1.0401793,False,False
NPTX2,1.3697714,1.0375075,1.0375075,False,False
RFTN1,4.437881,0.9957973,0.9957973,False,False
FCGR2B,2.811211,1.0797982,1.0797982,False,False
CYP2B6,2.9063978,1.6728915,1.6728915,False,False
MS4A8,4.7201133,1.907605,1.907605,False,False
CD274,2.9284759,1.1420946,1.1420946,False,False
BACH2,2.3155806,1.2858452,1.2858452,False,False
APOL3,4.6073093,1.0009542,1.0009542,False,False
ABCB1,7.0089955,1.9413931,1.9413931,False,False
GDPD2,3.4518878,1.2854519,1.2854519,False,False
IKZF3,4.756117,1.2907366,1.2907366,False,False
CFH,5.728424,1.1265934,1.1265934,False,False
ADAMTS1,3.731797,1.236811,1.236811,False,False
CHI3L2,1.706933,1.409467,1.409467,False,False
CD93,5.3320217,1.024805,1.024805,False,False
RHOH,3.2848983,1.1687688,1.1687688,False,False
LILRA6,0.8708837,0.74290013,0.74290013,False,False
HCG4,0.9503307,1.0801874,1.0801874,False,False
SP140,3.5171373,1.2260531,1.2260531,False,False
PLXNB3,1.1139667,0.6765953,0.6765953,False,False
TGM2,5.406281,1.4716457,1.4716457,False,False
FMO1,1.7736238,2.3646498,2.3646498,False,False
SPARCL1,6.3770385,1.1392233,1.1392233,False,False
TRIM40,3.313503,1.3730923,1.3730923,False,False
C1S,6.7484813,1.1661584,1.1661584,False,False
AQP7,2.8875146,1.4161601,1.4161601,False,False
CYBB,5.9947963,1.0723143,1.0723143,False,False
NTRK2,2.9647875,1.943254,1.943254,False,False
SFRP1,2.9557602,1.2204714,1.2204714,False,False
CD28,2.9276476,1.1964732,1.1964732,False,False
CEACAM6,7.582696,1.9914631,1.9914631,False,False
PHLDA1,4.1485534,1.0252929,1.0252929,False,False
RAB31,4.5660167,0.9200155,0.9200155,False,False
UNC13D,4.7053614,0.8960688,0.8960688,False,False
CCL23,1.4306667,1.2495955,1.2495955,False,False
CTLA4,1.549071,1.1295174,1.1295174,False,False
BTK,3.3038573,1.0382228,1.0382228,False,False
CEACAM18,1.0431043,1.4235393,1.4235393,False,False
APOL1,5.2153683,1.2735907,1.2735907,False,False
ACSL4,5.4666843,0.99074346,0.99074346,False,False
GAS1,0.95293754,0.955846,0.955846,False,False
MXRA5,4.999537,1.2044762,1.2044762,False,False
LCK,4.020804,1.0894244,1.0894244,False,False
PYY,4.4920883,1.8184607,1.8184607,False,False
FSCN1,3.1582391,1.1950709,1.1950709,False,False
ALDH1L1,3.7718961,1.467122,1.467122,False,False
C11orf86,5.2526064,1.3237323,1.3237323,False,False
SLC39A5,6.9088583,1.3338671,1.3338671,False,False
P2RX5,1.9815495,1.2664555,1.2664555,False,False
LILRB2,2.150819,1.0540282,1.0540282,False,False
TPSB2,3.8297822,1.4222989,1.4222989,False,False
CEACAM20,2.3368387,2.88871,2.88871,False,False
SLC28A1,1.8335007,2.6405435,2.6405435,False,False
TRAF1,3.430598,1.1154189,1.1154189,False,False
CHGA,6.9997106,1.5055345,1.5055345,False,False
PIK3CD,4.2525816,1.046917,1.046917,False,False
HLA-DQA1,5.1356893,1.5413961,1.5413961,False,False
FABP2,6.7095847,2.1569312,2.1569312,False,False
CRISPLD2,4.606037,1.0108616,1.0108616,False,False
SPARC,6.628821,1.160161,1.160161,False,False
PRDM1,4.5314093,0.9889308,0.9889308,False,False
PIGZ,4.486448,1.4314559,1.4314559,False,False
SLA,4.2105026,1.0424361,1.0424361,False,False
SLC7A5,3.2148058,1.1717633,1.1717633,False,False
LTBP2,3.9805093,1.1141095,1.1141095,False,False
PTAFR,3.7707477,0.9780357,0.9780357,False,False
LOXL2,3.348596,1.0314198,1.0314198,False,False
CLEC17A,1.552331,1.303778,1.303778,False,False
BEST2,3.6329544,1.988454,1.988454,False,False
TYMP,5.5015454,1.2366546,1.2366546,False,False
HLA-DOB,2.383871,1.259232,1.259232,False,False
IGLC4,1.2296472,1.6810651,1.6810651,False,False
IKZF1,5.0525675,1.1462495,1.1462495,False,False
IL10RA,4.6241693,0.9637173,0.9637173,False,False
EMILIN1,5.733088,1.0213689,1.0213689,False,False
SLC17A4,5.255763,1.3485675,1.3485675,False,False
SLC23A3,3.107783,1.6268829,1.6268829,False,False
TNFSF11,1.5346441,1.1498593,1.1498593,False,False
TRIM22,5.389724,1.1291839,1.1291839,False,False
LILRA5,1.5393915,1.0951116,1.0951116,False,False
NAT8,1.17098,1.4789276,1.4789276,False,False
ACE,6.0024304,2.2935805,2.2935805,False,False
IRAK3,3.6989226,0.9998052,0.9998052,False,False
CNN1,3.7738264,1.5208887,1.5208887,False,False
IGLC7,3.080969,1.6720163,1.6720163,False,False
PCOLCE,2.8974864,1.3042631,1.3042631,False,False
PLCG2,5.1510763,0.93452,0.93452,False,False
PPP1R18,4.1153603,1.2344263,1.2344263,False,False
TRIB2,3.9333818,1.0688179,1.0688179,False,False
SASH3,4.318209,1.1232074,1.1232074,False,False
CTSE,4.938181,1.5383683,1.5383683,False,False
SEMA7A,2.9540927,1.1560662,1.1560662,False,False
IL16,5.03324,0.94232017,0.94232017,False,False
MEP1A,8.611216,2.0168025,2.0168025,False,False
SLAMF7,4.56019,1.1289551,1.1289551,False,False
APOBEC3A,1.4083968,1.1664041,1.1664041,False,False
LIMD2,4.063468,1.323535,1.323535,False,False
UBE2L6,4.80836,1.1529975,1.1529975,False,False
DYSF,3.1145484,1.0416014,1.0416014,False,False
TIMP3,4.9883814,1.1144638,1.1144638,False,False
MSN,6.0747123,1.2525067,1.2525067,False,False
CHST15,4.3861623,1.030825,1.030825,False,False
PPP1R16B,4.575541,1.1344848,1.1344848,False,False
VSIG2,5.4028425,2.646785,2.646785,False,False
ADAM8,3.7042162,1.0795618,1.0795618,False,False
ITGAM,3.1540823,1.0106114,1.0106114,False,False
ALOX5,4.2618833,0.94792235,0.94792235,False,False
CEACAM5,9.495778,2.135967,2.135967,False,False
LINC00955,1.275171,1.6492065,1.6492065,False,False
SLC5A11,2.100414,2.0237458,2.0237458,False,False
CDH5,3.3999968,1.0068394,1.0068394,False,False
CHRDL1,2.7896228,1.3674058,1.3674058,False,False
SUSD2,2.4387121,2.4449918,2.4449918,False,False
CNTFR,1.9536,1.3950536,1.3950536,False,False
TM4SF20,4.6784186,2.7900157,2.7900157,False,False
HLA-DQB1,5.015227,2.1223526,2.1223526,False,False
GBP3,6.813283,1.4159449,1.4159449,False,False
CCL13,2.3039339,1.3040198,1.3040198,False,False
DOC2B,2.2429798,1.2337295,1.2337295,False,False
CCDC80,3.7146504,1.1586684,1.1586684,False,False
SNX20,2.848589,1.1106262,1.1106262,False,False
CIDEC,3.4151673,1.7359097,1.7359097,False,False
SLC16A9,4.641171,2.0305917,2.0305917,False,False
EDN2,2.428394,1.6773323,1.6773323,False,False
NLRC5,5.9059763,0.9910288,0.9910288,False,False
CDHR2,7.0422297,1.8255132,1.8255132,False,False
AEBP1,4.604245,1.2116423,1.2116423,False,False
ISG15,4.5029793,1.0142514,1.0142514,False,False
FLNC,4.1213717,1.3271763,1.3271763,False,False
SULF1,4.5420294,1.1631507,1.1631507,False,False
LRG1,4.377675,1.1058778,1.1058778,False,False
OTC,3.6987498,2.16784,2.16784,False,False
LBH,4.634554,1.0156773,1.0156773,False,False
FADS1,2.9018638,0.97189265,0.97189265,False,False
HSD3B1,1.3573918,1.6654179,1.6654179,False,False
VIP,1.2414569,1.2252463,1.2252463,False,False
GPD1,3.890937,2.468907,2.468907,False,False
AIM2,1.9520473,1.1773229,1.1773229,False,False
SLC26A2,9.570194,2.570188,2.570188,False,False
FAM216B,0.823219,0.882394,0.882394,False,False
CIITA,5.599895,1.1869963,1.1869963,False,False
LGALS2,5.0203424,1.4460036,1.4460036,False,False
TNS1,5.3958597,1.0578976,1.0578976,False,False
ADH1B,5.7344375,1.1362888,1.1362888,False,False
SOX8,1.427464,1.0280141,1.0280141,False,False
RASSF5,4.497009,1.0254105,1.0254105,False,False
LEF1,2.3671224,1.0942091,1.0942091,False,False
LCN15,1.0485457,0.90269125,0.90269125,False,False
MMRN1,3.7190902,1.36282,1.36282,False,False
MUC17,5.5038614,2.6211927,2.6211927,False,False
BCL2A1,2.1269271,1.2562214,1.2562214,False,False
TCF4,5.52471,1.0409261,1.0409261,False,False
HBEGF,3.4643285,1.1876042,1.1876042,False,False
CLC,2.2563095,1.2999836,1.2999836,False,False
LPCAT1,4.663266,0.9966169,0.9966169,False,False
HLA-DQB2,2.3807688,1.1224066,1.1224066,False,False
LSAMP,2.3638747,1.1380086,1.1380086,False,False
RETNLB,3.764659,1.4126313,1.4126313,False,False
GJA1,4.345562,1.0661653,1.0661653,False,False
CCR1,2.8163767,0.9981903,0.9981903,False,False
CHST2,3.0277183,1.066322,1.066322,False,False
SLC9A3,6.8747096,1.9776499,1.9776499,False,False
LYZ,8.901593,1.4304969,1.4304969,False,False
ST3GAL1,4.3778205,0.986395,0.986395,False,False
CD48,4.431965,1.0903888,1.0903888,False,False
CDH11,4.5101147,1.1016301,1.1016301,False,False
SLPI,3.5345256,1.9285123,1.9285123,False,False
FIBIN,1.3650916,0.9543957,0.9543957,False,False
MST1L,2.9577367,1.5087547,1.5087547,False,False
GPR183,3.709531,1.0342767,1.0342767,False,False
MMP28,5.0849934,1.168022,1.168022,False,False
SLC6A20,3.362779,2.378585,2.378585,False,False
MCAM,4.6224246,1.0135114,1.0135114,False,False
TFF2,1.2352048,1.0696571,1.0696571,False,False
ADH1C,7.570513,1.55512,1.55512,False,False
MRC2,4.446281,0.946164,0.946164,False,False
HLA-G,2.5939982,1.487937,1.487937,False,False
CD163,4.282018,1.0836182,1.0836182,False,False
TREML2,1.0435301,0.97241163,0.97241163,False,False
RAC2,4.0895743,1.365265,1.365265,False,False
SLC14A2,1.1832839,1.4826653,1.4826653,False,False
ZBP1,3.0164292,1.0813218,1.0813218,False,False
MOGAT2,6.527721,1.3711789,1.3711789,False,False
ATF3,3.8709776,1.2522056,1.2522056,False,False
TNFRSF13C,1.2385234,1.1299362,1.1299362,False,False
DDIT4,5.0666995,0.81335026,0.81335026,False,False
CLDN1,1.6049035,1.0392287,1.0392287,False,False
UGT1A1,3.995961,1.6207497,1.6207497,False,False
TSIX,3.3784294,3.5099888,3.5099888,False,False
ORAI2,4.4326944,0.92795926,0.92795926,False,False
NID1,4.9318843,1.0964359,1.0964359,False,False
BST2,4.511856,1.2378846,1.2378846,False,False
IER3,4.300428,1.5021104,1.5021104,False,False
DPP10,2.1618063,1.4612236,1.4612236,False,False
CLDN2,2.5565507,2.3180044,2.3180044,False,False
HSD11B1,0.9847059,0.8224703,0.8224703,False,False
MEFV,1.5258545,0.9599345,0.9599345,False,False
LILRB3,1.4581828,0.9558397,0.9558397,False,False
FOXQ1,0.8133191,0.7708581,0.7708581,False,False
SLC2A2,2.3964233,3.1494117,3.1494117,False,False
DCN,6.4651604,1.1307088,1.1307088,False,False
DHDH,1.673312,2.069945,2.069945,False,False
SAMSN1,3.812485,1.0008638,1.0008638,False,False
TFCP2L1,5.904449,2.460952,2.460952,False,False
SOWAHA,5.279459,1.4632251,1.4632251,False,False
ARHGAP25,3.852503,1.0470221,1.0470221,False,False
IFI16,5.307717,0.96244156,0.96244156,False,False
IRF1,6.8999915,0.8640775,0.8640775,False,False
IL23A,0.7784227,0.65965116,0.65965116,False,False
SIGLEC14,1.6364825,1.0601395,1.0601395,False,False
ST6GAL1,6.037299,1.2067351,1.2067351,False,False
CXCL12,5.029051,1.0116246,1.0116246,False,False
BCL6,3.512971,0.9851633,0.9851633,False,False
SPINK1,6.2708454,1.2014878,1.2014878,False,False
AFF2,0.81172377,0.79680306,0.79680306,False,False
LEFTY1,4.991719,2.740127,2.740127,False,False
TAP1,7.2197056,0.9705022,0.9705022,False,False
THBS1,7.259544,1.3634803,1.3634803,False,False
TRPV3,3.2310064,1.2837424,1.2837424,False,False
CTSL,5.198631,0.8811005,0.8811005,False,False
RSAD2,4.092147,1.2362435,1.2362435,False,False
HLA-F,7.239486,0.946692,0.946692,False,False
PFKFB3,4.595178,0.9669967,0.9669967,False,False
RGS1,3.3367567,1.2579639,1.2579639,False,False
TGFBI,6.221961,0.98989487,0.98989487,False,False
POU2F2,2.607408,1.2276295,1.2276295,False,False
NCKAP1L,5.2926455,0.9706555,0.9706555,False,False
PDCD1,1.4104356,0.94884026,0.94884026,False,False
TSPAN11,3.5333517,1.0984399,1.0984399,False,False
IL22RA2,0.82380986,0.8458935,0.8458935,False,False
IFI44L,2.7386003,1.1999203,1.1999203,False,False
DCHS2,1.6028361,1.1234188,1.1234188,False,False
PLA2G12B,2.97029,2.016471,2.016471,False,False
SLC51B,5.038547,1.2358303,1.2358303,False,False
DOK3,2.8015368,1.0937439,1.0937439,False,False
PLA1A,1.2656479,0.8476839,0.8476839,False,False
CYTIP,4.600831,1.0655366,1.0655366,False,False
SYNPO2,5.626941,1.274253,1.274253,False,False
REEP6,3.1748664,2.1836216,2.1836216,False,False
OTOP3,1.4722375,1.3038101,1.3038101,False,False
SPNS2,4.490619,0.97367173,0.97367173,False,False
IGFBP7,5.929226,1.0075631,1.0075631,False,False
MT1E,6.5238996,1.2137214,1.2137214,False,False
RHBDF2,3.6271594,0.9662808,0.9662808,False,False
TNFRSF9,1.65204,1.0805885,1.0805885,False,False
ABI3BP,3.7820144,1.073477,1.073477,False,False
ANKRD22,4.084205,1.2206721,1.2206721,False,False
ENPP3,4.8987765,1.4543431,1.4543431,False,False
IGKV1D-8,0.93669003,0.83548224,0.83548224,False,False
NOX1,5.311817,2.2022243,2.2022243,False,False
LRAT,1.1452518,1.6795241,1.6795241,False,False
GCNT4,4.0738044,2.0470035,2.0470035,False,False
SLC5A8,1.1725575,1.0029478,1.0029478,False,False
RAB17,4.8514843,1.1582142,1.1582142,False,False
TMEM252,1.7331003,1.8575193,1.8575193,False,False
ONECUT2,0.98314905,0.97760797,0.97760797,False,False
C8G,2.3827322,1.3487651,1.3487651,False,False
VNN2,2.1936312,1.2077363,1.2077363,False,False
PLEKHO2,4.2085185,1.0477848,1.0477848,False,False
FBLN2,3.5182498,1.043765,1.043765,False,False
NAMPT,7.0064178,1.0297222,1.0297222,False,False
CHST11,3.6420307,0.96168774,0.96168774,False,False
TRIM31,6.0238013,1.3456141,1.3456141,False,False
INPP5J,3.7225208,1.2154182,1.2154182,False,False
COL5A3,2.9995587,1.0391996,1.0391996,False,False
TMC8,4.166003,1.2562721,1.2562721,False,False
ELMO1,4.1112695,0.95568603,0.95568603,False,False
KDR,3.7786455,1.0712923,1.0712923,False,False
CXCR2P1,1.1729305,0.910702,0.910702,False,False
IL1R2,4.4422097,2.049944,2.049944,False,False
TPSAB1,3.9017377,1.4600394,1.4600394,False,False
PAPLN,4.123011,1.1249336,1.1249336,False,False
LDHD,4.4986277,1.7467958,1.7467958,False,False
ACSF2,5.518243,0.98114,0.98114,False,False
CCL24,4.727542,1.1410613,1.1410613,False,False
LRRC15,1.1851423,1.0017478,1.0017478,False,False
DHRS11,5.980779,1.3841629,1.3841629,False,False
P2RY8,2.6973429,1.2187494,1.2187494,False,False
CPA3,4.48657,1.1898843,1.1898843,False,False
LILRA1,0.8407477,0.6825335,0.6825335,False,False
LYPD5,1.2335436,0.9483356,0.9483356,False,False
TUBAL3,4.6660094,1.3320009,1.3320009,False,False
DSG3,1.8492824,1.7547067,1.7547067,False,False
TNXB,4.7087154,1.2191074,1.2191074,False,False
SCNN1B,3.9171631,2.2736146,2.2736146,False,False
C17orf78,2.1858377,2.7958524,2.7958524,False,False
DRAM1,3.614954,0.90719837,0.90719837,False,False
TNFRSF17,3.037893,1.0865318,1.0865318,False,False
CD72,2.0413458,1.306919,1.306919,False,False
ARHGAP30,4.6582847,1.0348177,1.0348177,False,False
FMNL1,3.9011467,1.1059413,1.1059413,False,False
LCP1,6.7006354,1.206789,1.206789,False,False
CORO1A,5.347025,1.3116858,1.3116858,False,False
UGT2B7,3.4329987,1.7223518,1.7223518,False,False
EFEMP1,4.050176,1.1273718,1.1273718,False,False
SLC5A1,6.3834076,2.2671149,2.2671149,False,False
GRIN2B,1.4017633,0.8946904,0.8946904,False,False
COL2A1,1.2700126,0.9087081,0.9087081,False,False
TCF7,4.0718517,1.0631269,1.0631269,False,False
BIRC3,7.1140575,1.3258754,1.3258754,False,False
TNF,1.5000737,0.88384897,0.88384897,False,False
CASP1,6.369159,0.95506924,0.95506924,False,False
TSC22D3,4.6379647,1.148325,1.148325,False,False
IL12RB1,2.8585076,0.9307032,0.9307032,False,False
PTPN7,3.4990234,1.0771326,1.0771326,False,False
G0S2,2.7518256,1.2525294,1.2525294,False,False
ALPL,1.698106,1.140547,1.140547,False,False
LAMA1,3.639167,1.1192021,1.1192021,False,False
VAV1,4.097841,0.85639787,0.85639787,False,False
SLC52A1,2.70082,1.9780098,1.9780098,False,False
GP2,2.9717817,1.3000451,1.3000451,False,False
HCLS1,4.8865924,1.1253718,1.1253718,False,False
DOCK2,5.431792,1.1712835,1.1712835,False,False
FKBP11,3.8977053,0.95956683,0.95956683,False,False
DUSP4,2.5203764,1.0365406,1.0365406,False,False
IGLC6,2.7909846,1.9680269,1.9680269,False,False
GGT1,4.544059,1.2842432,1.2842432,False,False
SLC52A3,4.3704505,1.2457869,1.2457869,False,False
NXPE4,5.363248,2.8639984,2.8639984,False,False
SLC2A5,4.2347417,2.044981,2.044981,False,False
CCR4,1.9475007,1.1675318,1.1675318,False,False
MYO1F,4.3147354,0.8893883,0.8893883,False,False
TNFSF13B,3.3233793,1.0044868,1.0044868,False,False
GPT,5.76042,0.9483143,0.9483143,False,False
LILRB1,2.9237208,1.0336074,1.0336074,False,False
NLRP6,3.0186515,2.6289926,2.6289926,False,False
AKR1C1,3.4785552,1.0797719,1.0797719,False,False
SCD,6.33138,1.1648921,1.1648921,False,False
NFKBIZ,5.6991262,1.0560886,1.0560886,False,False
PCDH17,2.4732957,1.1097226,1.1097226,False,False
DPYSL3,4.908545,0.9617233,0.9617233,False,False
ARHGAP9,3.6910264,1.071042,1.071042,False,False
CNR2,1.5918884,1.1823452,1.1823452,False,False
SLFN11,4.271553,1.0465049,1.0465049,False,False
NR4A3,1.393886,1.0385596,1.0385596,False,False
IFITM3,4.8985033,1.587335,1.587335,False,False
NAPSB,3.1638238,1.3555933,1.3555933,False,False
SERPINF1,4.529753,0.96718544,0.96718544,False,False
ACE2,6.37077,2.3850791,2.3850791,False,False
CCL5,4.397381,1.1297508,1.1297508,False,False
LCP2,3.9945846,1.0957012,1.0957012,False,False
TM6SF2,2.923996,2.027424,2.027424,False,False
PLVAP,4.7956786,1.2736006,1.2736006,False,False
MYO1A,8.290101,1.4301478,1.4301478,False,False
TLR4,5.169034,1.0310135,1.0310135,False,False
TNFRSF10C,1.3255987,1.0322063,1.0322063,False,False
SBNO2,5.677039,0.8768787,0.8768787,False,False
CD1C,1.9345484,1.2391235,1.2391235,False,False
AOC1,8.145969,1.4142046,1.4142046,False,False
FERMT2,3.9066248,0.9272689,0.9272689,False,False
ISG20,5.2642694,0.860052,0.860052,False,False
LMOD1,3.9761045,1.0543675,1.0543675,False,False
TNFAIP3,5.3355527,0.9232627,0.9232627,False,False
SLC1A3,1.5194997,0.9898371,0.9898371,False,False
LAMA4,5.8210564,1.0491602,1.0491602,False,False
SNX10,3.2241623,0.9914737,0.9914737,False,False
FBN1,5.6617155,1.2782905,1.2782905,False,False
SOCS1,1.5955617,1.1252154,1.1252154,False,False
RCSD1,4.6399674,0.87548786,0.87548786,False,False
B4GALNT3,5.8495398,1.6805966,1.6805966,False,False
RASGRP2,3.1288662,1.4380698,1.4380698,False,False
PCDH11X,0.87564,0.87264574,0.87264574,False,False
FCRL2,2.5302072,1.3750647,1.3750647,False,False
ACTA2,5.9239993,1.1491386,1.1491386,False,False
FABP1,8.65074,1.6479138,1.6479138,False,False
ITGA8,4.1075706,0.9662976,0.9662976,False,False
IFIT3,4.4352345,1.3137889,1.3137889,False,False
XAF1,4.5410295,0.9793257,0.9793257,False,False
MSLN,1.7202448,1.2209281,1.2209281,False,False
TIFA,3.9060426,0.8973763,0.8973763,False,False
C1QB,6.1224127,0.97688085,0.97688085,False,False
IGFBP2,5.568164,1.3060017,1.3060017,False,False
FILIP1L,4.3978834,0.9696617,0.9696617,False,False
RBMS1,3.924305,0.8432844,0.8432844,False,False
FFAR2,1.9212408,1.1695414,1.1695414,False,False
RIMS4,0.9556878,0.9796261,0.9796261,False,False
NFAM1,2.7254527,1.0024638,1.0024638,False,False
SCIN,6.5692763,1.5161822,1.5161822,False,False
AGT,2.5767071,1.3111767,1.3111767,False,False
HOXA13,3.5113187,2.5598733,2.5598733,False,False
C5AR1,1.682828,1.0356766,1.0356766,False,False
CD84,4.0176697,1.0237399,1.0237399,False,False
CCL4L2,1.1864982,0.87689596,0.87689596,False,False
TMEM163,1.1784906,0.9010339,0.9010339,False,False
FKBP10,3.567323,0.93299717,0.93299717,False,False
VIPR1,5.6717167,1.1308049,1.1308049,False,False
VCAN,5.458606,1.3632342,1.3632342,False,False
GCG,6.1350093,1.9218994,1.9218994,False,False
CD86,3.0637512,0.90785176,0.90785176,False,False
BATF2,3.6244466,1.2953976,1.2953976,False,False
TNFAIP8,4.806514,0.8779022,0.8779022,False,False
TRAF3IP3,3.604277,1.0490268,1.0490268,False,False
HDAC7,4.4550567,0.87987065,0.87987065,False,False
QKI,5.133153,0.8913319,0.8913319,False,False
LRRC18,1.4958261,1.1039015,1.1039015,False,False
PLAT,5.363168,1.0766549,1.0766549,False,False
CYP2J2,5.5257444,1.3658806,1.3658806,False,False
CYP4F12,5.654581,1.1102874,1.1102874,False,False
RRM2,5.130017,0.8823476,0.8823476,False,False
NFKB2,4.500667,0.880624,0.880624,False,False
PREX1,5.3227906,0.90905017,0.90905017,False,False
HCK,4.3715763,0.8275053,0.8275053,False,False
SCNN1G,1.6168894,1.5946221,1.5946221,False,False
TMEM82,2.7027924,1.2192416,1.2192416,False,False
GIMAP4,4.501086,0.95701164,0.95701164,False,False
CP,3.9399154,1.0652745,1.0652745,False,False
LPL,2.204048,1.3520476,1.3520476,False,False
C1QA,6.3577385,0.9958926,0.9958926,False,False
APLNR,3.2405992,1.1859727,1.1859727,False,False
LINC00861,1.4552524,1.049758,1.049758,False,False
HAPLN1,3.792465,1.2131476,1.2131476,False,False
GBP2,6.316153,0.9492988,0.9492988,False,False
FLNA,8.378114,1.1104901,1.1104901,False,False
DDR2,5.2406063,1.0056825,1.0056825,False,False
CD44,6.6112323,0.8940774,0.8940774,False,False
FGF10,1.178096,0.7652646,0.7652646,False,False
HEG1,4.453098,0.98462695,0.98462695,False,False
PLXND1,4.6450996,0.8996318,0.8996318,False,False
STC2,0.79140437,0.6555552,0.6555552,False,False
CD27,3.0167356,1.1183869,1.1183869,False,False
HLA-DPA1,7.583376,1.1214092,1.1214092,False,False
ITGA4,5.603679,1.1143881,1.1143881,False,False
IL27RA,3.1846335,0.9379425,0.9379425,False,False
ADAMTS9,3.4863267,1.0726539,1.0726539,False,False
STOM,6.4081216,1.0314149,1.0314149,False,False
ITK,3.2052922,1.1110696,1.1110696,False,False
CYP2C18,4.39422,1.9603771,1.9603771,False,False
STAP1,1.7359167,1.0555391,1.0555391,False,False
DENND5A,3.9905236,0.899246,0.899246,False,False
NFATC1,2.43382,1.0918626,1.0918626,False,False
LAMC1,6.252679,1.0216314,1.0216314,False,False
KCNAB2,3.4527924,0.95471984,0.95471984,False,False
CD36,5.0553336,1.1638457,1.1638457,False,False
THNSL2,3.580009,1.0491325,1.0491325,False,False
HDAC9,4.0928483,1.1221787,1.1221787,False,False
ISLR,2.991525,1.3176583,1.3176583,False,False
THBD,2.8469548,1.0231291,1.0231291,False,False
RARRES1,5.474622,1.175447,1.175447,False,False
SLC3A1,5.768203,1.6551006,1.6551006,False,False
TLR8,2.5175598,1.0660444,1.0660444,False,False
TBC1D10C,3.5997405,1.214304,1.214304,False,False
SST,2.739486,1.491041,1.491041,False,False
FYN,4.184477,0.93818235,0.93818235,False,False
CD6,3.1244001,1.2338327,1.2338327,False,False
WIPF1,4.7974977,1.0768014,1.0768014,False,False
SH3PXD2B,4.0385175,0.82441,0.82441,False,False
TMEM132A,2.731254,0.97397333,0.97397333,False,False
LDLR,5.815041,0.9499204,0.9499204,False,False
LGI2,1.0389407,0.8204876,0.8204876,False,False
HGF,2.7408273,1.1383952,1.1383952,False,False
PHGR1,7.8089666,1.8815985,1.8815985,False,False
SLC39A4,4.9254622,1.2753431,1.2753431,False,False
LRRK2,3.9316103,1.3902951,1.3902951,False,False
CLEC10A,3.6004186,0.8903373,0.8903373,False,False
FMNL3,4.692167,0.9632136,0.9632136,False,False
TRAC,4.0219426,1.1908256,1.1908256,False,False
CCDC88B,5.2739396,1.0041883,1.0041883,False,False
USP2,3.165617,1.2733366,1.2733366,False,False
GPR176,2.239086,1.0279846,1.0279846,False,False
GPR15,3.6050186,1.2874106,1.2874106,False,False
GPC6,3.8469434,0.9967995,0.9967995,False,False
SLC1A2,1.110132,1.026363,1.026363,False,False
LGALS9C,3.302945,1.2337427,1.2337427,False,False
RSPO3,1.4991474,0.9166197,0.9166197,False,False
CYP2D6,2.8634117,1.6264038,1.6264038,False,False
BTNL8,6.3208117,1.4710386,1.4710386,False,False
SPINK5,3.2763147,2.07267,2.07267,False,False
KCNN4,4.332482,1.1484628,1.1484628,False,False
GALNTL6,1.0077742,0.81546116,0.81546116,False,False
CCR2,3.23934,1.0727105,1.0727105,False,False
PDLIM3,3.7592535,1.0431099,1.0431099,False,False
MEOX1,1.5578082,0.9192011,0.9192011,False,False
P2RY10,3.0906923,1.0827607,1.0827607,False,False
RAMP3,3.0518754,1.0922015,1.0922015,False,False
CALD1,6.127439,0.95243424,0.95243424,False,False
OASL,3.8802407,1.4423182,1.4423182,False,False
ENTPD8,5.995595,1.073609,1.073609,False,False
B3GNT8,4.5071363,0.89130527,0.89130527,False,False
ARHGDIB,5.536112,1.1792386,1.1792386,False,False
GFPT2,1.2633436,0.8416757,0.8416757,False,False
IL17REL,1.7193599,1.2266531,1.2266531,False,False
CNR1,2.07681,1.1885401,1.1885401,False,False
ABCC2,2.4804761,2.3582633,2.3582633,False,False
CLDN15,4.6814404,1.7869893,1.7869893,False,False
RARRES2,4.883392,1.2377392,1.2377392,False,False
ARID5A,3.3992014,0.9765124,0.9765124,False,False
CLDN3,6.72289,1.2817973,1.2817973,False,False
NR4A1,3.4354725,1.4560925,1.4560925,False,False
CAV1,4.770404,0.93113655,0.93113655,False,False
CYP2C9,2.5408628,2.1202762,2.1202762,False,False
AQP12B,1.2463381,0.79683775,0.79683775,False,False
FLT1,4.316402,1.0614156,1.0614156,False,False
NPTX1,0.80282944,0.784307,0.784307,False,False
TPM2,4.684862,1.3908263,1.3908263,False,False
FLRT2,3.0268214,1.1314182,1.1314182,False,False
BASP1,3.07152,1.2658991,1.2658991,False,False
TLR2,3.1786525,1.0571917,1.0571917,False,False
GEM,3.2267163,0.9910403,0.9910403,False,False
SAMD9L,5.798239,1.2114658,1.2114658,False,False
MLXIPL,2.6431825,1.5619903,1.5619903,False,False
LCT,1.5175934,1.8357639,1.8357639,False,False
RASGRP3,3.6137826,0.9766604,0.9766604,False,False
ACY3,3.6076667,1.5055168,1.5055168,False,False
FLI1,3.891003,0.89930576,0.89930576,False,False
RASA3,4.058625,0.82191676,0.82191676,False,False
NCOA7,5.949383,0.93079597,0.93079597,False,False
DNAH8,0.7716957,0.8194416,0.8194416,False,False
CD80,1.6932087,0.94977015,0.94977015,False,False
PBLD,6.234418,1.4926075,1.4926075,False,False
ERRFI1,5.207746,0.91039616,0.91039616,False,False
MAFF,3.529697,0.93186355,0.93186355,False,False
CALCRL,4.0072613,1.124394,1.124394,False,False
CD52,3.6614747,1.3458636,1.3458636,False,False
HK3,2.5841184,1.0301596,1.0301596,False,False
CELSR1,3.3792253,1.2138553,1.2138553,False,False
GJB3,2.808107,1.4471958,1.4471958,False,False
SFRP5,1.5637722,1.9858946,1.9858946,False,False
CDK14,3.150391,1.0051681,1.0051681,False,False
BACE2,6.0066514,0.9550985,0.9550985,False,False
RGS19,3.3332074,0.9643458,0.9643458,False,False
DPT,2.5445626,1.3817136,1.3817136,False,False
VIM,7.6151166,0.98251784,0.98251784,False,False
GOLT1A,2.6933968,1.4173267,1.4173267,False,False
ITIH5,4.683294,0.9877627,0.9877627,False,False
CHGB,3.8216574,1.3229352,1.3229352,False,False
HHIP,4.0258117,1.2373606,1.2373606,False,False
MGP,3.1277952,1.2803576,1.2803576,False,False
FBLN1,5.0051794,1.1462313,1.1462313,False,False
MFGE8,3.8995898,1.098741,1.098741,False,False
SLFN5,5.323712,1.096043,1.096043,False,False
CAPN9,4.967036,1.1904457,1.1904457,False,False
BTNL3,6.285612,1.4312463,1.4312463,False,False
HTRA1,3.4852886,0.8995587,0.8995587,False,False
ITPKA,4.3322754,0.98174953,0.98174953,False,False
IL2RB,3.1705627,1.2282377,1.2282377,False,False
EGR3,1.3268573,1.1036654,1.1036654,False,False
SEMA4D,5.065163,0.9705908,0.9705908,False,False
PLTP,4.637203,0.89791375,0.89791375,False,False
EDN3,5.323084,1.226863,1.226863,False,False
ETS1,6.204278,0.92640865,0.92640865,False,False
LAMA5,4.8337345,1.1382056,1.1382056,False,False
DAB1,1.7923983,2.190387,2.190387,False,False
IGSF6,4.066524,0.8811663,0.8811663,False,False
PIK3AP1,5.0367227,0.94216347,0.94216347,False,False
HSD17B2,6.242946,1.3733633,1.3733633,False,False
IGLV1-50,0.77139246,0.6828461,0.6828461,False,False
ISX,5.696124,1.3964396,1.3964396,False,False
CLMP,3.8647764,0.9290462,0.9290462,False,False
TRBC2,3.9061723,1.3494648,1.3494648,False,False
ALPK2,1.7288728,1.1253674,1.1253674,False,False
CPNE5,3.0852466,1.17655,1.17655,False,False
PTGFR,2.3922687,1.0752146,1.0752146,False,False
F2R,4.21238,1.0144975,1.0144975,False,False
URAD,2.1686413,1.661684,1.661684,False,False
SYNM,3.9066556,1.0737467,1.0737467,False,False
FGFR1,3.6613874,0.9685659,0.9685659,False,False
GPX2,7.222238,1.1365613,1.1365613,False,False
NRP2,3.6849544,0.93124133,0.93124133,False,False
EVL,4.8499107,1.0362792,1.0362792,False,False
ST6GAL2,1.7026063,1.8435917,1.8435917,False,False
BTN3A3,4.8577847,0.89485335,0.89485335,False,False
HSPA6,1.7878835,0.8428704,0.8428704,False,False
ANTXR1,4.5184307,1.0130638,1.0130638,False,False
LAMC3,1.9366599,1.2006509,1.2006509,False,False
CSF1,3.9687698,1.0060091,1.0060091,False,False
AREG,3.0457606,1.4383868,1.4383868,False,False
SHANK3,2.632617,0.9358279,0.9358279,False,False
PIM3,5.4876957,0.8246612,0.8246612,False,False
FLVCR1,5.2463374,1.5156342,1.5156342,False,False
PARVG,3.683231,1.0643744,1.0643744,False,False
STRIP2,1.7862662,0.9759445,0.9759445,False,False
RND1,1.7437018,0.90907294,0.90907294,False,False
GABRP,1.5092922,1.1549172,1.1549172,False,False
TLR9,1.1842902,0.8615383,0.8615383,False,False
IYD,5.254598,1.3621922,1.3621922,False,False
ATP8B2,4.5514536,1.0091574,1.0091574,False,False
CPA2,1.153831,1.3632742,1.3632742,False,False
B3GNT7,6.885588,1.8974774,1.8974774,False,False
TRHDE,3.9880555,1.4536158,1.4536158,False,False
MFSD2A,4.6131783,1.2662829,1.2662829,False,False
NOD2,2.0576575,0.8915709,0.8915709,False,False
PAQR5,5.610382,1.3014029,1.3014029,False,False
NCF1,2.8773522,1.2496833,1.2496833,False,False
SIK1,2.5409412,1.3224446,1.3224446,False,False
SLAMF6,2.6361222,1.0506097,1.0506097,False,False
SEMA3B,5.9320188,1.1289825,1.1289825,False,False
APOBEC1,2.6848164,1.8126001,1.8126001,False,False
MCOLN2,4.5832644,1.6724526,1.6724526,False,False
CLEC2D,3.8318186,1.1993934,1.1993934,False,False
SLC19A3,3.3360777,1.1093507,1.1093507,False,False
GZMK,1.8754197,1.0673708,1.0673708,False,False
ALDOC,4.265816,1.5352334,1.5352334,False,False
TMEM47,3.726946,0.96905196,0.96905196,False,False
MB,2.8585703,0.9622584,0.9622584,False,False
SELPLG,3.5247607,1.0421401,1.0421401,False,False
HVCN1,2.560059,1.0173362,1.0173362,False,False
SLC7A11,3.5912747,1.2860051,1.2860051,False,False
PGM5,3.9645004,1.0009166,1.0009166,False,False
FCER1G,2.8809986,1.181186,1.181186,False,False
PCDHA4,1.0641618,0.6940431,0.6940431,False,False
CLIC4,6.281881,1.0005639,1.0005639,False,False
TMPRSS15,1.6728888,2.4147213,2.4147213,False,False
CA12,7.3862967,1.966215,1.966215,False,False
ARHGEF6,4.5569687,0.95556027,0.95556027,False,False
SLC38A5,3.6965542,0.9282845,0.9282845,False,False
CSF1R,4.953728,0.96457046,0.96457046,False,False
CHAD,2.5158498,0.95191467,0.95191467,False,False
PDK4,5.958117,1.0871499,1.0871499,False,False
KCNH6,1.3240851,1.3147618,1.3147618,False,False
AKR1B10,7.1861143,1.4841897,1.4841897,False,False
CHN2,5.0501356,1.3727624,1.3727624,False,False
TPH1,4.686296,1.5173295,1.5173295,False,False
PKLR,1.6113582,1.4850452,1.4850452,False,False
FCAMR,1.866076,0.8719507,0.8719507,False,False
FGD3,3.5182307,1.0107449,1.0107449,False,False
S1PR3,1.9690359,1.0168585,1.0168585,False,False
ROBO1,4.529751,1.1307429,1.1307429,False,False
ICOS,1.9513965,1.065166,1.065166,False,False
COL22A1,0.755684,0.7603099,0.7603099,False,False
PRTG,1.3985415,0.7681005,0.7681005,False,False
TMEM158,1.1875652,1.0337231,1.0337231,False,False
LAIR1,3.8426478,0.8636796,0.8636796,False,False
DUSP1,6.1129303,1.0143051,1.0143051,False,False
TNFSF8,1.830971,0.8662475,0.8662475,False,False
ENPP2,5.245142,1.0637864,1.0637864,False,False
SLC22A5,5.189139,1.1419461,1.1419461,False,False
PRODH,2.256112,2.0270023,2.0270023,False,False
RHOBTB2,4.097624,1.4057186,1.4057186,False,False
LYN,5.2644286,0.8881834,0.8881834,False,False
ZG16B,4.0757504,1.1374168,1.1374168,False,False
SHBG,0.9058313,1.2852248,1.2852248,False,False
CLIC6,2.8839314,1.2582296,1.2582296,False,False
SCAMP5,3.3695211,1.2849538,1.2849538,False,False
FHL1,5.32196,1.0142351,1.0142351,False,False
PRSS22,1.4556341,1.1752671,1.1752671,False,False
BHLHE40,5.1197286,0.89178324,0.89178324,False,False
MEOX2,0.93084824,0.73247254,0.73247254,False,False
DUSP5,4.624355,1.0110593,1.0110593,False,False
VSIG4,3.4250968,0.9564851,0.9564851,False,False
LGALS9B,2.9658124,1.066459,1.066459,False,False
HIF1A,6.922165,1.0201763,1.0201763,False,False
SLC9A2,5.9545455,1.8368729,1.8368729,False,False
SORBS1,4.923779,1.0449425,1.0449425,False,False
OLFML2B,1.8225944,0.9103614,0.9103614,False,False
ANXA6,5.9093394,0.96645,0.96645,False,False
ADCY7,4.916384,0.9580822,0.9580822,False,False
KCNN3,2.6168258,0.8994839,0.8994839,False,False
HLA-L,2.8173404,1.4903768,1.4903768,False,False
CD4,4.3989496,1.1028099,1.1028099,False,False
APOBEC3G,3.0291958,0.88984686,0.88984686,False,False
GLDN,2.7497277,2.3571503,2.3571503,False,False
DUSP2,2.1160944,1.0336438,1.0336438,False,False
ZEB2,5.4774485,0.9374118,0.9374118,False,False
GFRA1,2.9777837,1.1110247,1.1110247,False,False
EPHA2,4.8122706,1.0410863,1.0410863,False,False
FAM78A,3.181628,0.9632468,0.9632468,False,False
RDX,4.468885,0.9620613,0.9620613,False,False
CES3,6.124653,1.1756889,1.1756889,False,False
CLEC7A,3.044725,0.9634954,0.9634954,False,False
HAVCR1,2.3711057,1.9100713,1.9100713,False,False
WWTR1,3.9482238,0.7880942,0.7880942,False,False
TFF3,9.377868,1.0891602,1.0891602,False,False
STEAP4,2.8564103,1.0696119,1.0696119,False,False
SCN9A,4.219029,1.3438866,1.3438866,False,False
F2RL2,1.7374378,0.8454956,0.8454956,False,False
TMEM220,4.2738724,1.0030768,1.0030768,False,False
ELOVL5,4.5583563,1.065725,1.065725,False,False
IFI27,7.9922156,1.0272961,1.0272961,False,False
PIK3CG,4.520001,0.8804613,0.8804613,False,False
FGFR3,5.0963974,1.0669061,1.0669061,False,False
SDK1,3.0414653,0.9231158,0.9231158,False,False
HOXD10,1.5460604,1.6450119,1.6450119,False,False
NUP210,5.431847,0.9652153,0.9652153,False,False
RHOB,5.60359,0.95959425,0.95959425,False,False
PTP4A3,2.8227856,1.0817045,1.0817045,False,False
ANGPTL4,2.7132237,1.3448776,1.3448776,False,False
CYTH4,4.264652,0.96392304,0.96392304,False,False
SDC2,4.2354984,0.8306904,0.8306904,False,False
STX11,2.380403,0.93927616,0.93927616,False,False
HLA-DRB1,7.539226,1.4484662,1.4484662,False,False
DCHS1,4.267936,0.9430766,0.9430766,False,False
SLIT3,3.1536112,0.9041413,0.9041413,False,False
JSRP1,1.0005746,1.026516,1.026516,False,False
PTPN13,3.532458,1.0331829,1.0331829,False,False
LIMK1,3.5855868,0.98924726,0.98924726,False,False
PARP15,2.7629156,1.3558971,1.3558971,False,False
JAM3,3.4654093,0.81010586,0.81010586,False,False
ZEB1,4.278426,0.88883525,0.88883525,False,False
MUC20,4.9770846,1.2717818,1.2717818,False,False
LINC00278,1.467268,1.5508578,1.5508578,False,False
AFF3,2.9191332,1.140722,1.140722,False,False
NELL2,2.7242606,1.3480775,1.3480775,False,False
EVI2A,3.7283714,0.94681567,0.94681567,False,False
LTK,3.7172108,0.87556744,0.87556744,False,False
PARP9,6.0233407,0.9607947,0.9607947,False,False
ARL4C,3.9008033,0.9450878,0.9450878,False,False
SLC17A9,3.587713,1.2815093,1.2815093,False,False
CD69,2.9376955,1.0798923,1.0798923,False,False
MSRB3,3.731593,0.940544,0.940544,False,False
SIGLEC1,3.602951,0.8713951,0.8713951,False,False
MX2,3.3756356,1.1151825,1.1151825,False,False
CD207,1.210888,0.8175049,0.8175049,False,False
LEAP2,2.458752,1.6672126,1.6672126,False,False
TMEM37,5.4291854,1.1988517,1.1988517,False,False
CD300A,3.2781384,0.8398505,0.8398505,False,False
ANXA13,4.473911,1.1812805,1.1812805,False,False
LIFR,5.175994,1.2306298,1.2306298,False,False
PER3,4.259829,0.9790926,0.9790926,False,False
ALDH1A3,3.870284,1.1500938,1.1500938,False,False
PHYHIP,1.0371716,0.7607586,0.7607586,False,False
APOL2,5.381766,0.78236353,0.78236353,False,False
SDC3,4.307721,0.982737,0.982737,False,False
CD3D,3.1997898,1.1308889,1.1308889,False,False
CYP7B1,3.1970088,1.228002,1.228002,False,False
MS4A7,4.260889,0.8580739,0.8580739,False,False
MAP4K1,2.8531065,1.144954,1.144954,False,False
ELK3,4.031775,0.83705425,0.83705425,False,False
CD2,3.5693257,1.0912021,1.0912021,False,False
PLLP,3.8659906,1.4162828,1.4162828,False,False
HMCN2,5.100217,0.99702114,0.99702114,False,False
KLHL5,4.3729143,0.9802845,0.9802845,False,False
ABCG8,2.2508574,2.1415577,2.1415577,False,False
AOX1,1.5062954,0.83336186,0.83336186,False,False
AATK,3.4565737,1.5635612,1.5635612,False,False
LRRC32,2.927184,0.9556899,0.9556899,False,False
GLCCI1,3.800542,0.84366465,0.84366465,False,False
GZMA,3.382986,1.1553547,1.1553547,False,False
CTSG,2.039769,1.0363075,1.0363075,False,False
APOL4,2.5164666,0.9407983,0.9407983,False,False
FGD2,4.0483356,1.0652561,1.0652561,False,False
SLAMF8,3.045905,0.9903626,0.9903626,False,False
GATM,4.850311,1.6340926,1.6340926,False,False
TAP2,6.550173,0.9067486,0.9067486,False,False
HLA-DRA,8.923083,1.3325545,1.3325545,False,False
MYO1G,3.5146167,1.0815513,1.0815513,False,False
EMP1,7.2225323,1.3924378,1.3924378,False,False
LAMC2,6.3572145,1.2108117,1.2108117,False,False
RAI14,4.294398,0.739375,0.739375,False,False
PRKAR2B,4.410149,0.8924984,0.8924984,False,False
HLA-DPB1,6.787045,1.0900555,1.0900555,False,False
CYP3A5,6.6658406,1.4919626,1.4919626,False,False
EDNRA,1.9990386,0.9096603,0.9096603,False,False
TNFRSF12A,3.5280902,1.049776,1.049776,False,False
ENKUR,1.4404694,0.93059653,0.93059653,False,False
HES5,1.0324973,0.66595525,0.66595525,False,False
DMRTA1,1.7683389,1.0037918,1.0037918,False,False
FXYD3,8.559359,1.6433617,1.6433617,False,False
CASQ2,0.787135,0.79903054,0.79903054,False,False
MT1X,4.4295917,1.3397933,1.3397933,False,False
BCAT1,2.9800656,0.97060096,0.97060096,False,False
DPP4,6.61472,2.0318732,2.0318732,False,False
CNGA1,2.881454,0.98903996,0.98903996,False,False
TAGLN,6.41276,0.99004006,0.99004006,False,False
GBP1P1,0.9679376,0.80710214,0.80710214,False,False
SELENBP1,8.264502,1.5202522,1.5202522,False,False
PYCR1,5.163295,0.8962419,0.8962419,False,False
PDGFRA,6.5036144,1.2760124,1.2760124,False,False
TPPP,3.2605076,1.090642,1.090642,False,False
TBX18,0.78921,0.68240035,0.68240035,False,False
CNTN1,2.1367345,1.0408127,1.0408127,False,False
CLSTN3,3.9599478,0.86667913,0.86667913,False,False
GP1BA,1.0122104,0.7144409,0.7144409,False,False
CFP,2.2089114,1.0560312,1.0560312,False,False
ANO5,4.157004,1.4113495,1.4113495,False,False
LINC00494,0.84285015,0.70786655,0.70786655,False,False
SLC1A7,1.939421,1.4658563,1.4658563,False,False
GVINP1,4.56096,1.3286384,1.3286384,False,False
SLC26A3,10.312247,2.389668,2.389668,False,False
ANXA5,6.4988184,0.7448842,0.7448842,False,False
TMEM253,3.8957636,1.3223456,1.3223456,False,False
ADAMDEC1,8.151266,1.4616079,1.4616079,False,False
RGCC,2.4819791,0.8797775,0.8797775,False,False
EPSTI1,5.0936656,1.0309198,1.0309198,False,False
TMC4,6.224932,1.0468147,1.0468147,False,False
WDR72,1.3670583,1.1807323,1.1807323,False,False
DISP2,4.128141,1.1167002,1.1167002,False,False
HK2,6.9515305,1.5764948,1.5764948,False,False
TCF21,3.7601366,0.83677626,0.83677626,False,False
ZAP70,3.684207,1.2068464,1.2068464,False,False
CCL8,1.5981395,1.0269529,1.0269529,False,False
EREG,2.561104,1.2326977,1.2326977,False,False
GJA5,1.4208945,0.87003034,0.87003034,False,False
BTN2A2,3.1437445,0.89548326,0.89548326,False,False
MADCAM1,1.304713,1.1256881,1.1256881,False,False
SH2D1A,1.88765,0.9709914,0.9709914,False,False
TMEM72,3.0139372,1.7773614,1.7773614,False,False
SMIM22,5.999113,0.9685829,0.9685829,False,False
AOC3,3.3697107,1.0694764,1.0694764,False,False
PRSS23,5.8823915,1.122593,1.122593,False,False
SEMA3G,3.279583,1.5072685,1.5072685,False,False
CD14,5.270552,0.9806297,0.9806297,False,False
LINC00261,4.9818106,1.289771,1.289771,False,False
NXPE3,3.4928863,0.8875351,0.8875351,False,False
TMEM154,3.6271772,1.0598786,1.0598786,False,False
ABHD12B,1.1693993,1.0201647,1.0201647,False,False
MXRA8,3.8345144,0.8349182,0.8349182,False,False
OGN,2.283091,1.0741798,1.0741798,False,False
LY6E,3.4565444,1.2995158,1.2995158,False,False
SOX6,3.7850034,1.6348698,1.6348698,False,False
RASAL3,3.3347352,1.1167542,1.1167542,False,False
EPHB3,4.812796,1.063493,1.063493,False,False
SMOC2,4.03191,0.86480904,0.86480904,False,False
PCSK1,3.9377,1.3836558,1.3836558,False,False
CD5,2.6363022,1.0408918,1.0408918,False,False
SPON2,3.3708887,1.0520397,1.0520397,False,False
TNFRSF1B,5.537597,0.8303107,0.8303107,False,False
HLA-DMB,5.848134,1.2474221,1.2474221,False,False
LY9,2.5096102,0.9881599,0.9881599,False,False
MYC,4.690835,0.9104388,0.9104388,False,False
CCL28,6.0687027,1.5763255,1.5763255,False,False
PRELP,1.5658065,1.2012067,1.2012067,False,False
MYO5A,4.6876764,0.99411607,0.99411607,False,False
DHRS9,5.6851063,1.8954643,1.8954643,False,False
IL4I1,2.5003726,0.9770179,0.9770179,False,False
GLP2R,3.2042289,1.1473365,1.1473365,False,False
SGK1,6.5051966,1.1026971,1.1026971,False,False
TMEM178B,1.2982043,0.8887979,0.8887979,False,False
SLC38A4,2.445961,1.5506846,1.5506846,False,False
PSAT1,2.339901,0.87648225,0.87648225,False,False
COL6A5,1.8334744,1.3840308,1.3840308,False,False
FFAR4,3.929615,1.7751739,1.7751739,False,False
TIE1,2.8794773,0.86035216,0.86035216,False,False
HYAL1,2.5383751,1.1609449,1.1609449,False,False
NTN1,2.9531422,0.91900516,0.91900516,False,False
NQO1,6.68229,1.0973749,1.0973749,False,False
RPS6KA2,4.3208323,0.72078794,0.72078794,False,False
SLC5A4,1.3775741,1.864201,1.864201,False,False
EVPL,4.7208934,0.91579825,0.91579825,False,False
AKAP12,4.4740396,0.9847424,0.9847424,False,False
ELN,3.044442,1.0139889,1.0139889,False,False
MEI1,2.7655332,0.94855934,0.94855934,False,False
TENM4,1.5515482,0.9651416,0.9651416,False,False
RGS16,1.5547676,0.9506255,0.9506255,False,False
RNF183,0.7514569,0.61374956,0.61374956,False,False
NRP1,5.342192,0.88916343,0.88916343,False,False
LDHB,6.557591,1.113342,1.113342,False,False
HLA-DRB6,3.743926,1.3948908,1.3948908,False,False
CCNO,1.2640347,0.79498094,0.79498094,False,False
PNOC,1.4180199,0.9013347,0.9013347,False,False
GHR,2.7335286,1.2789,1.2789,False,False
CDC25B,4.383435,0.8694695,0.8694695,False,False
CHN1,1.9191622,0.86500704,0.86500704,False,False
TLR6,3.0670793,1.0731657,1.0731657,False,False
PIK3R5,3.239843,0.9137771,0.9137771,False,False
ZNF532,3.9095204,0.8549584,0.8549584,False,False
LOX,2.7129855,0.79827327,0.79827327,False,False
BIRC5,4.184225,0.7217459,0.7217459,False,False
LRRC8C,3.5479908,0.8897372,0.8897372,False,False
CD247,3.0895255,1.0373502,1.0373502,False,False
LRRN2,2.5412474,1.3364435,1.3364435,False,False
CNN2,5.4780517,1.0073892,1.0073892,False,False
EBI3,1.4210454,0.860697,0.860697,False,False
NFKBIA,6.4419303,0.6569498,0.6569498,False,False
LY96,2.0142014,0.8350981,0.8350981,False,False
PER1,3.7209897,0.98274076,0.98274076,False,False
ACADS,7.2393727,0.86069596,0.86069596,False,False
NFATC2,3.9430513,0.7925496,0.7925496,False,False
PCDH18,5.192166,1.2021682,1.2021682,False,False
CPZ,1.2260566,0.91770184,0.91770184,False,False
HLA-DMA,5.3684936,1.0780174,1.0780174,False,False
DUSP6,5.8156786,0.9649986,0.9649986,False,False
C16orf54,2.8693495,0.98533946,0.98533946,False,False
LSP1,4.9601674,1.1221694,1.1221694,False,False
SIGLEC10,3.3285894,0.9757355,0.9757355,False,False
CLIC2,3.5803757,0.83099765,0.83099765,False,False
XDH,7.0747066,1.3827941,1.3827941,False,False
PRSS8,7.079463,1.3026999,1.3026999,False,False
CRIP1,4.8985314,1.5812243,1.5812243,False,False
BMP5,4.166659,1.3101993,1.3101993,False,False
SCRN1,4.383169,0.8225623,0.8225623,False,False
S1PR4,2.1606648,1.1598054,1.1598054,False,False
ELL2,5.354291,0.7844504,0.7844504,False,False
PDZRN4,0.7803829,0.6280498,0.6280498,False,False
SCGN,2.7405584,0.9966377,0.9966377,False,False
DTX1,1.9415137,1.1328204,1.1328204,False,False
DOCK8,5.393148,1.0966674,1.0966674,False,False
AXL,4.5382195,0.8648429,0.8648429,False,False
NCF4,3.6835823,0.8820305,0.8820305,False,False
KIF12,3.3895738,0.9796003,0.9796003,False,False
FNDC1,1.7622503,1.3255363,1.3255363,False,False
PTGR1,5.4730535,1.5008533,1.5008533,False,False
SYT11,3.000035,0.86916023,0.86916023,False,False
DDC,6.432524,1.3710842,1.3710842,False,False
SERPINE2,3.763206,0.89723045,0.89723045,False,False
IGDCC4,2.056284,0.9053143,0.9053143,False,False
TYROBP,3.6359904,1.0644692,1.0644692,False,False
SH2D3C,2.669027,0.965148,0.965148,False,False
PLS3,5.2831454,0.8267897,0.8267897,False,False
SCUBE1,2.7544606,0.9419893,0.9419893,False,False
F3,5.24012,0.93679756,0.93679756,False,False
MX1,5.425943,0.9437768,0.9437768,False,False
HELZ2,5.54094,0.8876525,0.8876525,False,False
MDFI,1.0675957,0.8328613,0.8328613,False,False
LYVE1,2.6918006,1.1883687,1.1883687,False,False
PKIB,6.1430907,1.3834575,1.3834575,False,False
PTPN1,5.4886026,0.7015218,0.7015218,False,False
CD34,2.8075373,1.1074127,1.1074127,False,False
KHDRBS2,1.3126441,1.089166,1.089166,False,False
SLAMF1,2.694556,0.9682435,0.9682435,False,False
WSCD1,5.04713,1.1005757,1.1005757,False,False
NLRP1,3.6146524,1.1602287,1.1602287,False,False
DSE,4.491956,1.0103539,1.0103539,False,False
CYP4F3,3.6993215,1.2102187,1.2102187,False,False
MAOA,8.980604,1.3284161,1.3284161,False,False
GDA,6.112879,1.6577494,1.6577494,False,False
DGAT1,7.2234225,1.1744871,1.1744871,False,False
ITPR1,5.0326533,1.148182,1.148182,False,False
CCDC3,1.8654357,1.0124167,1.0124167,False,False
GMFG,3.5251222,1.110752,1.110752,False,False
CYYR1,2.6434522,0.81887543,0.81887543,False,False
TSPAN32,1.160741,0.80915946,0.80915946,False,False
ADAMTS12,1.8612108,0.9021635,0.9021635,False,False
NRG1,3.6981952,1.2399389,1.2399389,False,False
AMOTL1,4.0881734,0.97530586,0.97530586,False,False
PLEKHO1,4.1714234,1.0992562,1.0992562,False,False
CPVL,4.7337885,0.9382898,0.9382898,False,False
C3AR1,3.0439532,0.86891776,0.86891776,False,False
EPHX2,6.575689,1.0397507,1.0397507,False,False
RNF150,2.5233362,1.0195748,1.0195748,False,False
OAS3,5.1103153,0.9384419,0.9384419,False,False
CLEC12A,1.3006806,0.73109543,0.73109543,False,False
SIT1,2.2182472,1.0561937,1.0561937,False,False
CRELD2,5.1852956,0.7844897,0.7844897,False,False
ERN2,6.0325727,1.2132428,1.2132428,False,False
MAF,5.8771014,1.581979,1.581979,False,False
HSPB8,1.8328447,1.0341417,1.0341417,False,False
GLB1L2,4.4007983,1.100176,1.100176,False,False
BCHE,1.5995015,0.9865162,0.9865162,False,False
AK4,4.334175,1.2805996,1.2805996,False,False
ACAP1,4.36036,1.0390947,1.0390947,False,False
PTPRCAP,3.1936176,1.3512657,1.3512657,False,False
PIEZO1,6.1419926,0.79923713,0.79923713,False,False
ACP5,5.2970686,0.8995601,0.8995601,False,False
NES,3.8735175,0.9244573,0.9244573,False,False
TMEM200C,1.0722799,0.79473513,0.79473513,False,False
MDFIC,4.6031623,0.7484066,0.7484066,False,False
PILRA,1.6600134,0.8356451,0.8356451,False,False
LIPG,4.6136293,1.0110091,1.0110091,False,False
CTSH,5.79208,0.92564535,0.92564535,False,False
LPXN,4.3812776,0.7516218,0.7516218,False,False
PLEKHG2,3.1978858,0.95737845,0.95737845,False,False
CYP3A7,1.021869,1.0693312,1.0693312,False,False
EGR2,1.3628619,0.9169829,0.9169829,False,False
ZBTB16,2.5958388,1.0660332,1.0660332,False,False
SHISA3,0.8811817,0.794521,0.794521,False,False
ST8SIA4,4.5323052,1.0303375,1.0303375,False,False
TSPAN1,9.077846,1.5791467,1.5791467,False,False
DAAM2,3.7703984,0.8665382,0.8665382,False,False
GAL3ST1,2.8124523,1.1496444,1.1496444,False,False
BTLA,2.1154876,1.0329223,1.0329223,False,False
RGS13,1.9225624,1.0333271,1.0333271,False,False
HSPG2,6.960358,0.875039,0.875039,False,False
MFAP4,4.6864805,1.2263,1.2263,False,False
CYP27A1,5.4505453,1.2075382,1.2075382,False,False
COLEC12,3.2382433,0.8918233,0.8918233,False,False
KCNQ5,0.81669223,0.67325926,0.67325926,False,False
SPHK1,2.1244683,0.97245324,0.97245324,False,False
SCG2,2.8993149,1.1682415,1.1682415,False,False
CCDC69,4.3874516,1.0366144,1.0366144,False,False
AQP3,4.4081054,1.766183,1.766183,False,False
WNK2,5.973757,1.0366886,1.0366886,False,False
NR0B2,1.3545434,1.3107072,1.3107072,False,False
SEMA4A,3.1582444,0.92714846,0.92714846,False,False
CA9,1.108993,1.0438825,1.0438825,False,False
HTRA3,2.2005308,1.0907983,1.0907983,False,False
TNNC2,1.8319898,0.91353256,0.91353256,False,False
SULT1C2,2.1797838,1.3058897,1.3058897,False,False
HEPACAM2,6.427894,1.4474083,1.4474083,False,False
PDE9A,5.4038734,0.9803401,0.9803401,False,False
GAS7,4.419346,0.8624046,0.8624046,False,False
LGALS1,5.440872,1.1117599,1.1117599,False,False
RASGRP1,3.4351888,0.92519677,0.92519677,False,False
ICAM2,3.1326652,0.97147536,0.97147536,False,False
PYGL,4.467501,1.3814789,1.3814789,False,False
ITGB7,4.4171486,0.83081275,0.83081275,False,False
CSTA,1.3450398,0.8474854,0.8474854,False,False
COL23A1,1.8031963,0.90842557,0.90842557,False,False
CFD,4.487111,1.2766304,1.2766304,False,False
FMN2,0.8446272,0.9433665,0.9433665,False,False
PFKFB4,4.246063,1.3917025,1.3917025,False,False
BATF,1.7692548,1.0518231,1.0518231,False,False
CADM1,3.4417653,0.8920078,0.8920078,False,False
NAGS,3.3715675,1.3872972,1.3872972,False,False
TNFRSF13B,1.5627337,1.0588721,1.0588721,False,False
MISP,8.481614,1.0897552,1.0897552,False,False
GPSM3,3.2121568,1.3316684,1.3316684,False,False
AQP1,6.38385,1.195271,1.195271,False,False
RUNX3,3.1502237,1.1436956,1.1436956,False,False
SLC46A1,4.2406945,0.8872317,0.8872317,False,False
SCARA5,4.8507504,1.0738045,1.0738045,False,False
TYRP1,1.3035841,0.9646691,0.9646691,False,False
PLEKHG6,5.949368,0.9504284,0.9504284,False,False
TMTC1,3.6102958,0.92797303,0.92797303,False,False
TMEM119,4.2304935,0.94290507,0.94290507,False,False
LDB2,2.4571073,0.77253187,0.77253187,False,False
KLK12,1.5336181,1.1404679,1.1404679,False,False
IL12RB2,1.3197272,0.60950685,0.60950685,False,False
AKR7A3,6.0772185,1.1452988,1.1452988,False,False
HAVCR2,2.9491146,0.81333697,0.81333697,False,False
FOXF1,3.428794,0.8515004,0.8515004,False,False
TTR,0.9442605,0.63104945,0.63104945,False,False
CX3CL1,2.4503329,1.0515254,1.0515254,False,False
GALNT15,1.736673,0.8472746,0.8472746,False,False
SLC41A1,2.737767,0.8853434,0.8853434,False,False
MYOM3,2.9761796,1.3282089,1.3282089,False,False
OLFM1,2.4787805,0.9760153,0.9760153,False,False
HOXD11,1.393736,1.600204,1.600204,False,False
PTGS1,4.6057267,0.75107044,0.75107044,False,False
GPX7,1.81019,0.766988,0.766988,False,False
MMP19,2.255135,0.8922972,0.8922972,False,False
CASC9,1.4699897,1.0725257,1.0725257,False,False
TTC9,1.762484,0.9042269,0.9042269,False,False
FASN,5.928982,0.89608234,0.89608234,False,False
MRO,1.3969041,1.6491438,1.6491438,False,False
GRAP,2.0723848,1.0991672,1.0991672,False,False
COL17A1,7.7078295,1.3664969,1.3664969,False,False
TESPA1,2.3441138,1.0211376,1.0211376,False,False
DOCK11,4.6775613,1.0514411,1.0514411,False,False
APOC1,2.5698576,1.1213138,1.1213138,False,False
ALOX15,1.314686,0.83273953,0.83273953,False,False
UNC93A,0.8386248,0.88096964,0.88096964,False,False
GAPT,2.3154314,1.0394206,1.0394206,False,False
EMILIN2,3.8274276,0.71508294,0.71508294,False,False
THRB,4.1017156,1.4245582,1.4245582,False,False
SPAG4,1.9051427,0.93700963,0.93700963,False,False
RHOU,5.8861666,1.1234869,1.1234869,False,False
ALOX15B,0.7518385,0.6624524,0.6624524,False,False
PALMD,1.6225382,0.7204331,0.7204331,False,False
ADAMTS9-AS2,1.1583666,0.6497317,0.6497317,False,False
ACOX2,3.8255002,1.0741054,1.0741054,False,False
LAT2,3.3108253,0.8865696,0.8865696,False,False
KLHL14,1.2410082,1.0382609,1.0382609,False,False
RASGRF1,0.8122739,0.70971215,0.70971215,False,False
EDNRB,4.889121,1.1130147,1.1130147,False,False
NOS3,2.1213827,0.8711931,0.8711931,False,False
OLFML3,3.544171,0.83217084,0.83217084,False,False
IGFBP3,5.453272,0.9654259,0.9654259,False,False
RAPGEFL1,6.3430653,0.9678751,0.9678751,False,False
GABRA2,2.8122282,1.2242628,1.2242628,False,False
CEP55,3.826928,0.84426206,0.84426206,False,False
CSF2RA,2.7940352,1.0002884,1.0002884,False,False
KCNJ16,1.0257087,0.97694945,0.97694945,False,False
MT1A,1.0260745,0.7806555,0.7806555,False,False
TNFSF15,3.4872758,1.1871732,1.1871732,False,False
PLCB2,3.9301367,0.91009814,0.91009814,False,False
CHST3,2.505355,0.9214658,0.9214658,False,False
LRP8,2.447632,0.99628574,0.99628574,False,False
SLC1A1,5.9183545,1.6282101,1.6282101,False,False
THSD4,5.2339735,1.1028767,1.1028767,False,False
UNC5CL,3.42045,1.6950879,1.6950879,False,False
CAPN8,4.776335,1.4036694,1.4036694,False,False
ARHGAP29,3.2075164,0.9223012,0.9223012,False,False
PDGFB,2.0899322,0.77456915,0.77456915,False,False
CH25H,1.5508237,0.8064526,0.8064526,False,False
KCNJ10,1.0644027,0.77514607,0.77514607,False,False
GNG4,1.8993192,1.0266615,1.0266615,False,False
TBX3,4.6001067,1.4167653,1.4167653,False,False
SPN,3.645227,0.96432596,0.96432596,False,False
ZNF488,1.9803292,1.7692938,1.7692938,False,False
KLF12,4.584016,0.9895922,0.9895922,False,False
LONRF2,1.0171115,0.73626995,0.73626995,False,False
PRDX4,5.55966,0.73384434,0.73384434,False,False
SQLE,5.0410957,1.0950196,1.0950196,False,False
PLXNC1,5.0073676,1.025494,1.025494,False,False
FUT3,6.1438975,1.3034251,1.3034251,False,False
PROM1,6.564916,1.3130698,1.3130698,False,False
SNX29P2,1.4033839,0.8251362,0.8251362,False,False
APBB1IP,2.7699175,1.1365111,1.1365111,False,False
KCNJ8,1.0692017,0.6949524,0.6949524,False,False
WAS,2.5019433,1.2745756,1.2745756,False,False
GPX8,2.9560895,0.8478254,0.8478254,False,False
ASPN,2.6959674,1.0321702,1.0321702,False,False
PLN,2.448668,1.0080774,1.0080774,False,False
XBP1,7.984794,0.8155227,0.8155227,False,False
FRAS1,3.2853692,1.5166422,1.5166422,False,False
STAP2,6.632961,0.94423574,0.94423574,False,False
RORC,4.7525134,0.9148474,0.9148474,False,False
MANF,5.301778,0.7678687,0.7678687,False,False
BTN3A2,6.0238624,0.76598835,0.76598835,False,False
RGMA,1.8642433,1.0594702,1.0594702,False,False
CYFIP2,4.94385,0.7901873,0.7901873,False,False
SIRPB1,1.5902228,0.83248013,0.83248013,False,False
LILRB5,3.0061605,0.85786825,0.85786825,False,False
RSPO2,1.7193224,0.96731526,0.96731526,False,False
SLCO4C1,1.7970518,0.9208105,0.9208105,False,False
LAP3,6.6346292,0.7660136,0.7660136,False,False
EHD3,2.3624914,0.8782443,0.8782443,False,False
CES2,9.053791,1.2365383,1.2365383,False,False
CCDC88A,4.55456,1.0114834,1.0114834,False,False
SIGLEC12,1.4752438,0.9287802,0.9287802,False,False
COL19A1,2.2688031,1.4278089,1.4278089,False,False
SLC35G1,4.7258654,1.202323,1.202323,False,False
EOMES,1.1147889,0.7803695,0.7803695,False,False
CBX6,4.7442536,0.9071137,0.9071137,False,False
EHD2,3.4503005,1.1244022,1.1244022,False,False
PTK7,4.27772,0.81247866,0.81247866,False,False
FUT6,5.197795,0.9915622,0.9915622,False,False
HYOU1,7.0804563,0.89661324,0.89661324,False,False
STEAP3,4.1111064,1.1597135,1.1597135,False,False
SV2B,1.3331459,0.8599452,0.8599452,False,False
MIR155HG,1.4914248,0.8582861,0.8582861,False,False
FZD7,3.331219,1.0625716,1.0625716,False,False
RGS2,5.020809,1.2126762,1.2126762,False,False
ST6GALNAC6,6.295977,1.9337825,1.9337825,False,False
CYBA,7.1862493,0.8748652,0.8748652,False,False
FCHSD2,4.327985,0.76192445,0.76192445,False,False
TNFRSF4,1.9322221,1.0503912,1.0503912,False,False
TGFBR3,4.1177835,0.8711367,0.8711367,False,False
EDIL3,5.9828696,1.169087,1.169087,False,False
NFASC,3.821878,0.8853386,0.8853386,False,False
CD8A,3.1531222,1.1322341,1.1322341,False,False
GNB4,4.730539,0.9369776,0.9369776,False,False
CPXM2,2.3203795,0.91089684,0.91089684,False,False
AGMO,2.5471163,1.7452041,1.7452041,False,False
TMEM25,2.9790123,1.6227154,1.6227154,False,False
ADAM28,5.019804,1.0489473,1.0489473,False,False
KPNA2,5.117844,0.8659089,0.8659089,False,False
PDCD1LG2,1.8309554,0.82779795,0.82779795,False,False
RAB30,4.4021716,0.8569151,0.8569151,False,False
ABCG5,1.8132632,1.9246554,1.9246554,False,False
CILP,1.8302772,0.89382446,0.89382446,False,False
IMPDH1,4.0904675,0.8944296,0.8944296,False,False
TMEM156,2.206043,0.9704438,0.9704438,False,False
SIGLEC15,0.8052765,0.6967937,0.6967937,False,False
TEK,3.4231553,0.9351525,0.9351525,False,False
BTN3A1,5.7934732,0.93686163,0.93686163,False,False
VGLL3,1.8484825,0.94925094,0.94925094,False,False
ANKRD44,5.0541205,1.2436935,1.2436935,False,False
EFNA1,5.802598,1.0066537,1.0066537,False,False
ITPKB,4.837755,0.83441526,0.83441526,False,False
GCNT3,8.009132,1.2861401,1.2861401,False,False
LRP4,5.027049,1.1658973,1.1658973,False,False
TBX10,2.1705456,1.0806137,1.0806137,False,False
DEGS2,5.1233945,1.0389727,1.0389727,False,False
CSGALNACT1,2.6518002,0.92153275,0.92153275,False,False
PIK3R3,3.5326304,0.7801211,0.7801211,False,False
ACTN1,6.096458,0.8009051,0.8009051,False,False
NR4A2,1.9380531,1.0821686,1.0821686,False,False
KIF21B,4.0519595,0.85510933,0.85510933,False,False
CYBRD1,6.844245,1.9720768,1.9720768,False,False
NLRC3,3.7459302,1.1025187,1.1025187,False,False
OLFML2A,3.065278,0.9494565,0.9494565,False,False
LTBP1,5.3257427,0.96975935,0.96975935,False,False
ACKR4,2.419115,1.434661,1.434661,False,False
ADAM12,1.8411654,0.8976231,0.8976231,False,False
ESPL1,3.5961018,1.0651362,1.0651362,False,False
SECTM1,6.045212,1.2568005,1.2568005,False,False
BCL2,5.143036,0.80338377,0.80338377,False,False
P2RY13,2.257946,1.0279431,1.0279431,False,False
SIGLEC5,1.2819611,0.9074255,0.9074255,False,False
CCR3,1.0876317,0.7411193,0.7411193,False,False
MICB,2.4278572,0.79100156,0.79100156,False,False
MAOB,3.4986117,1.9001073,1.9001073,False,False
LAPTM5,5.98697,1.2958124,1.2958124,False,False
KCNE3,5.5971565,0.9351125,0.9351125,False,False
CD209,3.7625651,0.91549873,0.91549873,False,False
MSC,1.798366,0.92839515,0.92839515,False,False
VASN,2.2240508,0.8453153,0.8453153,False,False
OSGIN1,3.1488717,1.1892613,1.1892613,False,False
PROM2,4.431843,1.2602458,1.2602458,False,False
IRS1,4.0400524,1.1037569,1.1037569,False,False
VWA1,4.493476,0.9822675,0.9822675,False,False
SERPINH1,5.6800647,0.6902414,0.6902414,False,False
MS4A6A,4.8581014,0.855923,0.855923,False,False
NEGR1,3.4589667,0.908595,0.908595,False,False
ASRGL1,4.4315014,0.939778,0.939778,False,False
SLC7A7,4.991539,1.8399225,1.8399225,False,False
ITGB3,3.3176394,0.99001205,0.99001205,False,False
TNK2,4.2806435,0.79185593,0.79185593,False,False
KANK2,4.993206,0.8449551,0.8449551,False,False
OSR2,2.102225,1.7847841,1.7847841,False,False
DNASE1L3,4.691042,0.9956483,0.9956483,False,False
IHH,4.974886,1.0861728,1.0861728,False,False
MMP25,2.4765177,0.94982934,0.94982934,False,False
GLRA2,1.2115352,1.2637334,1.2637334,False,False
CD40LG,1.4893227,0.8090265,0.8090265,False,False
ALDH1L2,2.6564107,0.9312471,0.9312471,False,False
CSRP2,2.3119626,0.9378002,0.9378002,False,False
GNA15,2.3578863,0.93884504,0.93884504,False,False
PIP4K2A,4.749473,0.74293756,0.74293756,False,False
ADD2,0.8586875,0.7295995,0.7295995,False,False
ASPG,2.501235,1.2764337,1.2764337,False,False
SMOX,2.5084462,0.8711274,0.8711274,False,False
HCP5,5.851494,0.7937383,0.7937383,False,False
ABCC6,4.311089,1.1134323,1.1134323,False,False
CHL1,4.251648,1.1159419,1.1159419,False,False
NKX2-3,3.4132445,0.80919254,0.80919254,False,False
MOCS1,4.0651445,0.9875508,0.9875508,False,False
SLC2A6,2.6195529,1.0185263,1.0185263,False,False
CARD8,4.722725,0.88326097,0.88326097,False,False
SEMA3E,1.5333116,0.88157564,0.88157564,False,False
AXDND1,1.7423947,1.054446,1.054446,False,False
DACT2,1.3569592,0.7639942,0.7639942,False,False
RHOQ,4.553488,0.6766009,0.6766009,False,False
MMP14,6.234765,0.7599258,0.7599258,False,False
IFNAR2,4.232382,0.69162124,0.69162124,False,False
S100A4,4.2473054,1.079747,1.079747,False,False
MSR1,3.3373852,1.0105792,1.0105792,False,False
RCAN2,3.5397902,0.85403913,0.85403913,False,False
KLK1,4.410624,1.3408111,1.3408111,False,False
DKK3,4.0730515,0.88494736,0.88494736,False,False
GRAMD1A,3.8094323,0.8455074,0.8455074,False,False
KCNJ3,2.6676755,1.7568582,1.7568582,False,False
CALU,6.168974,0.7993982,0.7993982,False,False
EPHA3,3.3050573,1.3490267,1.3490267,False,False
ATP2B4,5.487229,0.84016484,0.84016484,False,False
FENDRR,4.4115095,0.88740563,0.88740563,False,False
FPR3,4.3430643,0.98150426,0.98150426,False,False
MS4A4A,3.2576363,0.8695145,0.8695145,False,False
HHEX,2.1432505,0.849469,0.849469,False,False
IQSEC1,4.786114,0.7515911,0.7515911,False,False
PKDCC,5.5250916,0.8942911,0.8942911,False,False
ZCCHC24,3.5132573,0.87821156,0.87821156,False,False
PPP1R14D,5.7475743,0.9208283,0.9208283,False,False
WNT11,1.7100329,0.89074624,0.89074624,False,False
F11,0.8385566,0.93561655,0.93561655,False,False
JAK2,5.351232,0.9201351,0.9201351,False,False
SLC43A2,5.2556944,1.0982982,1.0982982,False,False
ECHDC3,1.8560495,1.0281582,1.0281582,False,False
TFEC,3.899833,1.416946,1.416946,False,False
ASB2,3.1899867,0.8363461,0.8363461,False,False
ABCC1,4.8806295,0.74553037,0.74553037,False,False
FGD5,3.4362268,0.8862475,0.8862475,False,False
FUT2,5.476853,1.1019279,1.1019279,False,False
CBLC,5.164594,0.8008368,0.8008368,False,False
C2CD4B,1.5592694,0.9772249,0.9772249,False,False
FGFBP1,3.233139,1.7650613,1.7650613,False,False
AKT3,3.9108868,0.8601279,0.8601279,False,False
TGFB3,2.0863347,0.8080475,0.8080475,False,False
KCTD12,6.213397,0.95005065,0.95005065,False,False
FNBP1,5.26059,0.7744249,0.7744249,False,False
JUNB,6.2254295,0.97212446,0.97212446,False,False
FAAH,5.1073356,0.8448206,0.8448206,False,False
TBXAS1,4.3116946,0.79497164,0.79497164,False,False
GIMAP7,3.2295704,1.0203485,1.0203485,False,False
JUN,6.4936333,0.8420094,0.8420094,False,False
TF,0.8261142,0.52726674,0.52726674,False,False
COL9A2,3.2932086,0.9156508,0.9156508,False,False
CCR9,1.5127919,1.1640841,1.1640841,False,False
PCDH7,4.141127,1.0497729,1.0497729,False,False
WTAPP1,1.4270773,1.2025349,1.2025349,False,False
SCIMP,2.369109,0.9012496,0.9012496,False,False
CASP10,6.256558,0.9007903,0.9007903,False,False
ICAM3,4.8648496,0.7303943,0.7303943,False,False
CHRM3-AS2,1.0790297,0.6787649,0.6787649,False,False
SULT1E1,1.7839367,2.0802507,2.0802507,False,False
CELF2,5.36355,0.7714829,0.7714829,False,False
MDGA1,1.7743278,0.912318,0.912318,False,False
PLP1,2.5372734,0.97428954,0.97428954,False,False
AGPAT2,6.772255,0.89438725,0.89438725,False,False
PODXL,4.661369,0.8146582,0.8146582,False,False
HYAL2,4.730505,0.7146722,0.7146722,False,False
HAAO,3.867844,1.1093733,1.1093733,False,False
MEG3,2.5184078,1.1406019,1.1406019,False,False
C1orf115,6.7987547,1.2037386,1.2037386,False,False
OR51E2,0.8915491,1.0726554,1.0726554,False,False
EML1,3.2169037,0.938741,0.938741,False,False
COL8A2,2.209089,0.8194311,0.8194311,False,False
CDC20,4.2028866,0.7862925,0.7862925,False,False
IL3RA,2.6440482,0.9863522,0.9863522,False,False
SLC22A4,3.1325457,1.2824268,1.2824268,False,False
MLKL,4.300386,0.7124256,0.7124256,False,False
C1QC,5.4733815,1.1853398,1.1853398,False,False
LZTS1,0.8992741,0.60232216,0.60232216,False,False
MFAP5,2.2619798,1.3828638,1.3828638,False,False
ITM2A,4.04786,0.8543826,0.8543826,False,False
IFI44,3.3734636,1.0948839,1.0948839,False,False
GIMAP6,4.7306137,0.93640906,0.93640906,False,False
LMCD1,2.777231,0.7336966,0.7336966,False,False
RNF186,4.0112114,1.1578637,1.1578637,False,False
RASGEF1A,1.1621362,0.6948849,0.6948849,False,False
TCN2,5.315757,1.4057549,1.4057549,False,False
NUCB2,5.2062144,0.7896259,0.7896259,False,False
GATA5,1.4867651,2.0176091,2.0176091,False,False
GPR65,2.7764144,0.9284499,0.9284499,False,False
PRNP,5.2811584,0.8076413,0.8076413,False,False
SPI1,2.9976807,1.4073099,1.4073099,False,False
RBPMS,3.7016706,0.82731277,0.82731277,False,False
CD163L1,5.647794,1.1179974,1.1179974,False,False
PPARGC1A,5.3570967,1.2389542,1.2389542,False,False
PLCD3,5.2833753,1.8962545,1.8962545,False,False
PRR16,1.807072,0.820959,0.820959,False,False
TRIM15,5.203794,0.8934858,0.8934858,False,False
ARHGAP4,5.111593,1.0534415,1.0534415,False,False
HHLA2,6.522385,1.3739533,1.3739533,False,False
CSGALNACT2,3.664905,0.807857,0.807857,False,False
IL22RA1,4.4950275,1.2411282,1.2411282,False,False
SLCO4A1,3.1984127,0.8429855,0.8429855,False,False
SH3BP5,3.4663575,0.8927572,0.8927572,False,False
PDE10A,1.7732309,0.9612507,0.9612507,False,False
CERCAM,2.5508604,0.967987,0.967987,False,False
MRGPRF,2.334615,1.0320452,1.0320452,False,False
BIN2,3.7688768,0.7721002,0.7721002,False,False
CEP170,4.169673,0.9215961,0.9215961,False,False
CMKLR1,3.8059392,0.85071075,0.85071075,False,False
HNF1A-AS1,2.4594576,0.8502942,0.8502942,False,False
GIMAP8,3.9573283,0.8624722,0.8624722,False,False
SVOPL,0.8389447,0.80910975,0.80910975,False,False
ADAMTS7,2.1169925,0.82970786,0.82970786,False,False
SVEP1,3.6835704,1.1087607,1.1087607,False,False
SPDEF,4.971461,1.1183846,1.1183846,False,False
ITGA9,4.8899236,0.98347795,0.98347795,False,False
PCED1B,2.0747945,0.9361781,0.9361781,False,False
SLC12A4,3.8051238,0.8367182,0.8367182,False,False
ABCA2,4.9688864,0.79407924,0.79407924,False,False
CTSC,7.3094172,0.8402567,0.8402567,False,False
JAM2,3.0875642,0.7676951,0.7676951,False,False
BTG2,6.0979424,1.1290606,1.1290606,False,False
KIT,4.543631,0.9905629,0.9905629,False,False
RGS4,1.0485607,0.6480373,0.6480373,False,False
CD109,2.8278916,0.8862417,0.8862417,False,False
ASS1,8.332295,1.003501,1.003501,False,False
MEF2B,1.0622019,0.9550009,0.9550009,False,False
TACSTD2,1.0390304,0.7369035,0.7369035,False,False
SNN,3.6155393,0.84147215,0.84147215,False,False
GNG2,4.181526,0.8146759,0.8146759,False,False
ADH6,4.2317457,1.0229286,1.0229286,False,False
ENTPD1,5.375609,0.8978426,0.8978426,False,False
HSP90B1,8.938516,0.825848,0.825848,False,False
CLDN5,3.336735,1.1203946,1.1203946,False,False
GDF15,3.3837433,1.2325282,1.2325282,False,False
EVI2B,3.3002365,1.1520998,1.1520998,False,False
IL1RL1,2.1688082,0.98804384,0.98804384,False,False
IFIT2,4.371993,1.1417707,1.1417707,False,False
SNAI2,2.4677348,0.8073175,0.8073175,False,False
TNNC1,0.79469454,0.99781364,0.99781364,False,False
SORBS2,4.170048,0.94025505,0.94025505,False,False
EYA2,1.7838461,1.5085351,1.5085351,False,False
BAIAP2L2,4.9390683,0.97400576,0.97400576,False,False
ADAMTS15,2.6795874,0.9148632,0.9148632,False,False
GPR132,2.525144,0.9352951,0.9352951,False,False
CDA,3.1037066,1.2287405,1.2287405,False,False
BHLHA15,1.4382555,0.7964776,0.7964776,False,False
TFPI,4.5585093,1.1756184,1.1756184,False,False
FAM95B1,0.89948994,0.52773273,0.52773273,False,False
ERG,2.349686,0.8031249,0.8031249,False,False
GGT5,3.193278,1.172745,1.172745,False,False
NGEF,4.95896,0.9533827,0.9533827,False,False
SH3TC1,3.8724768,0.89288336,0.89288336,False,False
DOCK10,5.3063984,1.1306088,1.1306088,False,False
MAP4K4,5.2624087,0.6677127,0.6677127,False,False
PRAC2,1.1621637,1.2407527,1.2407527,False,False
CHDH,5.648227,0.9980012,0.9980012,False,False
DAO,1.0110366,0.993311,0.993311,False,False
RELT,3.1024747,0.97969484,0.97969484,False,False
ANXA3,4.809463,1.0517098,1.0517098,False,False
CWH43,3.5264246,2.4041579,2.4041579,False,False
NID2,3.471594,0.99472713,0.99472713,False,False
MAP3K8,3.512894,0.8118212,0.8118212,False,False
P2RX7,2.063764,0.759904,0.759904,False,False
PRF1,2.5905213,0.943738,0.943738,False,False
MXRA7,4.266475,0.7864278,0.7864278,False,False
TWSG1,4.942421,0.95257396,0.95257396,False,False
HRH2,1.4044391,0.93779325,0.93779325,False,False
OSR1,1.305882,0.9183283,0.9183283,False,False
SLC2A1,5.4170403,1.1870188,1.1870188,False,False
AZGP1,3.150424,1.14266,1.14266,False,False
MT2A,5.2985916,1.3816075,1.3816075,False,False
SLC2A12,2.4382744,1.1184452,1.1184452,False,False
PIK3C2G,1.3983202,1.4245275,1.4245275,False,False
TSPAN9,3.4970417,0.74678034,0.74678034,False,False
GJA4,1.2742854,0.8624157,0.8624157,False,False
ARHGDIG,1.0875659,1.1907034,1.1907034,False,False
PROS1,4.982088,0.96698546,0.96698546,False,False
LMNB1,5.7762003,0.8316951,0.8316951,False,False
ID4,3.3541849,0.83385366,0.83385366,False,False
NEUROD1,1.7453301,0.9523154,0.9523154,False,False
MPST,6.6781135,0.7696344,0.7696344,False,False
SORCS2,1.8310487,0.8164458,0.8164458,False,False
SLC27A4,5.7383666,0.8979388,0.8979388,False,False
AGRN,5.885898,0.7941585,0.7941585,False,False
MATN2,6.522846,1.1625564,1.1625564,False,False
PTPN6,5.2608385,0.91300386,0.91300386,False,False
ERBB3,7.609498,1.2821461,1.2821461,False,False
AKNA,5.759794,0.81549907,0.81549907,False,False
TRIM9,1.3365376,0.90430355,0.90430355,False,False
CD3E,2.6659908,1.5667574,1.5667574,False,False
CDX2,6.916083,1.1290746,1.1290746,False,False
CEBPE,0.99143225,0.70396894,0.70396894,False,False
CD59,7.705785,0.88896966,0.88896966,False,False
SH2B3,5.081679,0.74623066,0.74623066,False,False
GM2A,5.8695455,0.67166394,0.67166394,False,False
GRAMD1B,3.4065602,1.6016066,1.6016066,False,False
TK1,4.152021,1.0598214,1.0598214,False,False
CD74,9.291908,1.5974627,1.5974627,False,False
TNS4,2.0249107,1.0937225,1.0937225,False,False
MTHFD2,5.58827,0.8240006,0.8240006,False,False
SCNN1A,6.4418817,1.3291776,1.3291776,False,False
ASPA,2.826203,1.3840231,1.3840231,False,False
SH2D6,1.8405863,0.93097353,0.93097353,False,False
FCHO1,2.500712,0.870488,0.870488,False,False
EMP3,3.1025834,1.0871593,1.0871593,False,False
SIPA1,4.4144335,0.9506037,0.9506037,False,False
MAP3K3,4.270017,0.813066,0.813066,False,False
ZNF831,2.798379,1.215154,1.215154,False,False
CDH13,2.4076736,0.79071957,0.79071957,False,False
GLIPR1,4.5961933,0.8527593,0.8527593,False,False
SFN,5.4457355,1.5715148,1.5715148,False,False
MOGAT3,4.4707165,0.92045975,0.92045975,False,False
FERMT3,4.6013846,0.80475163,0.80475163,False,False
DLC1,4.0254884,0.8641884,0.8641884,False,False
BOC,2.519009,0.79427266,0.79427266,False,False
CBFB,4.8114676,0.6840541,0.6840541,False,False
GNLY,1.898165,1.1196616,1.1196616,False,False
MFNG,3.478695,0.89764965,0.89764965,False,False
SNHG5,5.0131392,0.9834221,0.9834221,False,False
TMEM200A,4.2242656,1.24385,1.24385,False,False
IL20RA,3.1591089,1.4163368,1.4163368,False,False
CD1E,1.0509837,0.68344516,0.68344516,False,False
INSIG1,5.6813874,0.86544627,0.86544627,False,False
GRIA4,2.2063143,1.3892778,1.3892778,False,False
FKBP5,5.5562954,0.8348674,0.8348674,False,False
IFIT1,3.6784747,1.008234,1.008234,False,False
APCDD1,2.7939608,0.886542,0.886542,False,False
STAT5A,4.9537473,0.61891115,0.61891115,False,False
NTRK3,1.0634464,0.8296284,0.8296284,False,False
ARID5B,5.444685,0.8369183,0.8369183,False,False
MOXD1,2.5635252,0.90653074,0.90653074,False,False
ROBO4,2.1021466,0.9015418,0.9015418,False,False
CLEC14A,2.799168,0.9061252,0.9061252,False,False
ACOT11,5.884259,0.96989954,0.96989954,False,False
ME1,3.8792975,0.9324426,0.9324426,False,False
NRCAM,1.5833489,0.8720326,0.8720326,False,False
CD8B,2.427394,1.1969149,1.1969149,False,False
ANLN,4.276471,0.97553396,0.97553396,False,False
ARHGAP23,2.3847501,0.91905636,0.91905636,False,False
QPRT,5.1066113,0.84068847,0.84068847,False,False
ARHGEF1,5.602501,0.7467239,0.7467239,False,False
IKBIP,3.069439,0.7304656,0.7304656,False,False
LINC00402,0.893799,0.7761522,0.7761522,False,False
SEC14L1,5.1093597,0.76291496,0.76291496,False,False
TSPAN4,3.655036,0.7969169,0.7969169,False,False
TRPM5,2.3913212,0.9102086,0.9102086,False,False
SHCBP1,2.803026,0.7336091,0.7336091,False,False
TRAF5,4.6987195,0.85178137,0.85178137,False,False
PDLIM7,3.1612198,1.0897274,1.0897274,False,False
TGFBR2,6.7025695,0.799577,0.799577,False,False
DOCK4,4.0238566,1.0276659,1.0276659,False,False
PLXNA1,5.0956783,0.8281349,0.8281349,False,False
NUGGC,2.8443701,0.99575,0.99575,False,False
GIMAP5,3.6734154,0.97517127,0.97517127,False,False
ZNF385D,1.528788,0.7678477,0.7678477,False,False
CHAC1,1.6104622,0.7191258,0.7191258,False,False
PDGFD,3.8438776,1.0139562,1.0139562,False,False
TRPM4,6.844515,0.9448893,0.9448893,False,False
GRAMD1C,4.7221246,1.3046476,1.3046476,False,False
CCNB1,4.7702694,0.82639474,0.82639474,False,False
ST8SIA1,2.2592561,0.93291485,0.93291485,False,False
FLT3,1.6052508,0.8177246,0.8177246,False,False
FAIM2,1.056103,0.8669564,0.8669564,False,False
NCF1C,2.6091785,1.1417854,1.1417854,False,False
LY86,2.1383975,0.95010823,0.95010823,False,False
PCED1B-AS1,1.9014628,1.0517378,1.0517378,False,False
KCNK5,6.081384,1.1054355,1.1054355,False,False
KCNS3,3.2759805,1.0339762,1.0339762,False,False
GABRB3,1.4829946,1.0591887,1.0591887,False,False
BUB1,4.058718,0.82866037,0.82866037,False,False
CPE,4.9317217,0.85142595,0.85142595,False,False
TEF,5.1935396,0.7983628,0.7983628,False,False
CD96,3.9048538,0.9827296,0.9827296,False,False
SUSD3,2.2748187,0.9207115,0.9207115,False,False
WFDC2,2.7238898,1.8755168,1.8755168,False,False
MRAP2,3.613335,0.88485104,0.88485104,False,False
CAPN6,1.3743064,0.8755197,0.8755197,False,False
ZBTB7C,4.672137,1.4214408,1.4214408,False,False
FADS3,2.5067673,0.93068355,0.93068355,False,False
ARHGEF17,3.607443,0.84683657,0.84683657,False,False
NMNAT2,0.7553092,0.47153822,0.47153822,False,False
SMAP2,4.8064656,0.8821714,0.8821714,False,False
NRROS,1.7382585,0.8210649,0.8210649,False,False
CXCL14,6.516422,1.1572931,1.1572931,False,False
PRR15,6.4088693,1.1435866,1.1435866,False,False
AQP11,3.4453,1.2655184,1.2655184,False,False
SLC19A1,3.9461677,0.839075,0.839075,False,False
SLC9A9,3.6355968,0.9292099,0.9292099,False,False
RBBP8NL,3.0621288,0.8769983,0.8769983,False,False
CLCN2,5.0802045,1.1207273,1.1207273,False,False
GPR17,1.00155,0.6302676,0.6302676,False,False
PLCB4,5.6275396,1.2147284,1.2147284,False,False
SIRPA,4.168448,1.0240594,1.0240594,False,False
LAMB2,5.5691934,0.85202384,0.85202384,False,False
BMP4,3.8388135,0.83604604,0.83604604,False,False
SLC16A3,5.9191375,0.88306725,0.88306725,False,False
RUNX1,4.567977,0.63351995,0.63351995,False,False
CCR5,2.6737027,0.94169,0.94169,False,False
ITGB2-AS1,1.6232119,1.1239424,1.1239424,False,False
CMTM7,2.3607118,0.8731752,0.8731752,False,False
GPA33,8.597023,1.4950082,1.4950082,False,False
SHH,3.0623908,0.94499016,0.94499016,False,False
SLC43A3,3.304608,0.8166627,0.8166627,False,False
CD320,4.4606204,1.0404587,1.0404587,False,False
PDE6A,2.0874434,1.3772107,1.3772107,False,False
CREB5,1.4120216,0.8158547,0.8158547,False,False
TPSG1,3.7243457,0.82918245,0.82918245,False,False
ANKS4B,6.5154333,1.0704333,1.0704333,False,False
ATP1A2,1.7583348,0.87985533,0.87985533,False,False
FXYD5,2.7810419,1.4954175,1.4954175,False,False
SMTN,5.054818,0.7568168,0.7568168,False,False
EPS8L1,4.138428,1.0100547,1.0100547,False,False
MKI67,6.0511937,0.92590857,0.92590857,False,False
ANKRD33B,2.251453,1.0733542,1.0733542,False,False
MMP15,6.3273106,1.125406,1.125406,False,False
NOTCH4,2.3855286,0.819225,0.819225,False,False
FAM20C,4.316202,0.91061366,0.91061366,False,False
NXN,2.4703076,0.9244795,0.9244795,False,False
DEPDC7,3.1211338,1.1918753,1.1918753,False,False
TREM2,1.078875,0.6913755,0.6913755,False,False
ELMO3,5.3219504,0.69567937,0.69567937,False,False
HOTTIP,2.6126485,2.0482519,2.0482519,False,False
STON1,2.5987442,0.775144,0.775144,False,False
SYTL1,3.9221852,0.96625704,0.96625704,False,False
ARHGAP15,3.8183177,1.0642043,1.0642043,False,False
PTPRS,3.7766414,0.9690087,0.9690087,False,False
USP32P1,2.0937529,1.316528,1.316528,False,False
NCAM1,2.9162495,0.82049316,0.82049316,False,False
SIRPB2,1.2997879,0.72389,0.72389,False,False
LRRC37A4P,4.14648,1.3775971,1.3775971,False,False
ACKR3,3.2651863,0.8880521,0.8880521,False,False
PARM1,7.5918846,1.7225473,1.7225473,False,False
PXDC1,3.2666,1.2455559,1.2455559,False,False
PRDM8,1.3430325,0.7070071,0.7070071,False,False
AIF1,3.6102302,1.0059217,1.0059217,False,False
MYH14,8.220156,0.9935202,0.9935202,False,False
ITPRIP,3.098168,0.8212532,0.8212532,False,False
CYP26B1,1.4931115,0.8815682,0.8815682,False,False
CYP1B1,1.8467195,0.7673495,0.7673495,False,False
CSRNP1,4.5943413,0.6965689,0.6965689,False,False
HS3ST3A1,1.5763154,0.8715835,0.8715835,False,False
PMP22,5.601216,1.7403954,1.7403954,False,False
MYRFL,2.428784,2.1184597,2.1184597,False,False
SLC26A7,1.1989373,0.80720174,0.80720174,False,False
DIO3OS,1.980084,1.0282614,1.0282614,False,False
SLC1A4,4.769076,0.7503009,0.7503009,False,False
TLR1,4.2369432,1.1094428,1.1094428,False,False
PLEKHS1,3.1846027,1.7001817,1.7001817,False,False
EPHB2,6.308402,1.0696458,1.0696458,False,False
ATRNL1,1.6018641,1.1092943,1.1092943,False,False
TMEM92,2.5858948,1.4906796,1.4906796,False,False
SRD5A3,4.045118,0.8306987,0.8306987,False,False
SGK2,5.6749883,1.3616085,1.3616085,False,False
MUC13,8.913335,1.3179795,1.3179795,False,False
P2RY14,2.8343973,0.82935125,0.82935125,False,False
ABCA7,4.1878676,0.97049683,0.97049683,False,False
CHSY1,4.2959948,0.69749886,0.69749886,False,False
STAT5B,5.5579934,0.6258505,0.6258505,False,False
SLFN13,3.6102154,0.8381877,0.8381877,False,False
ANK2,4.137516,1.047446,1.047446,False,False
COL4A6,2.2914562,1.0000837,1.0000837,False,False
CCDC85A,1.1926093,0.97735554,0.97735554,False,False
SAMHD1,6.3039412,0.7102867,0.7102867,False,False
CLSTN2,2.3488057,0.9660145,0.9660145,False,False
MYO15B,7.848809,0.8344575,0.8344575,False,False
FGFR2,5.4610357,1.2090119,1.2090119,False,False
SLC36A1,6.0073223,1.2417618,1.2417618,False,False
TUSC3,3.3351822,1.1705793,1.1705793,False,False
TRPV2,3.5847025,0.85005873,0.85005873,False,False
KLRB1,3.3014123,0.9622779,0.9622779,False,False
LINC00926,2.3414154,1.0965774,1.0965774,False,False
VASH1,3.8906233,0.7283379,0.7283379,False,False
IFNG-AS1,1.3131014,0.8795633,0.8795633,False,False
PLIN2,5.908944,1.2311217,1.2311217,False,False
DEF6,4.3323584,0.7190219,0.7190219,False,False
NAAA,6.1734195,0.95957077,0.95957077,False,False
CCNA2,4.7059374,0.8014301,0.8014301,False,False
TGFB2,0.9304757,0.56228745,0.56228745,False,False
VLDLR,2.667664,1.3411573,1.3411573,False,False
MPEG1,6.1171384,0.9809844,0.9809844,False,False
PTPRM,4.404832,0.90986824,0.90986824,False,False
ASAP1,3.9305005,0.7553104,0.7553104,False,False
GGA2,5.435978,0.6657497,0.6657497,False,False
CHRNA7,3.0552957,1.3323091,1.3323091,False,False
RNF145,6.0589304,0.8506579,0.8506579,False,False
LAT,2.5920892,1.1234028,1.1234028,False,False
TST,7.6503167,1.0068104,1.0068104,False,False
CMA1,0.9495593,0.67137945,0.67137945,False,False
DEFB1,1.8661528,1.0005497,1.0005497,False,False
NLRP3,2.1422532,0.7900781,0.7900781,False,False
GNG11,3.5039968,0.8589187,0.8589187,False,False
SCUBE2,3.1066005,1.0811877,1.0811877,False,False
A4GALT,2.121749,0.86336505,0.86336505,False,False
EPB41L4B,7.346381,1.3061438,1.3061438,False,False
IL15RA,3.4440875,0.6282077,0.6282077,False,False
SLITRK6,4.0590544,1.1806744,1.1806744,False,False
SH2B2,1.5268525,0.92467755,0.92467755,False,False
CST7,1.9270927,1.0074855,1.0074855,False,False
TMEM125,5.0501122,0.8167126,0.8167126,False,False
MYO16,0.7761152,0.68093026,0.68093026,False,False
GJC1,1.9532704,0.9252718,0.9252718,False,False
CRYBA2,1.2849864,0.72729456,0.72729456,False,False
MRAS,2.2121637,0.79379255,0.79379255,False,False
AMPH,1.0274714,0.5257993,0.5257993,False,False
STMN3,2.7665253,0.8664245,0.8664245,False,False
DTHD1,1.0721928,0.7909635,0.7909635,False,False
MYOCD,2.8660078,0.8765658,0.8765658,False,False
DNMT1,5.3976912,0.7069722,0.7069722,False,False
KNG1,1.0464473,0.7720681,0.7720681,False,False
CCBE1,1.2014316,0.7222661,0.7222661,False,False
FBXO6,3.341752,0.65515614,0.65515614,False,False
ENTPD3,1.4711854,0.7434564,0.7434564,False,False
TNFRSF11B,2.8979669,0.9197016,0.9197016,False,False
CCDC71L,4.811245,0.58911085,0.58911085,False,False
MCTP1,3.6590579,0.9675772,0.9675772,False,False
SH2D7,1.7147721,0.86940295,0.86940295,False,False
RASSF8,2.8243783,0.930723,0.930723,False,False
GCHFR,3.8290155,1.0510267,1.0510267,False,False
CCR6,3.033586,1.3296258,1.3296258,False,False
VEGFA,5.5348997,0.8359082,0.8359082,False,False
UBE2C,3.534469,0.6704944,0.6704944,False,False
CEACAM3,1.1615338,0.7925138,0.7925138,False,False
BST1,3.1700437,1.146512,1.146512,False,False
SETD7,5.779953,0.92241675,0.92241675,False,False
SLC16A1,6.707883,1.5445807,1.5445807,False,False
AHNAK2,3.6727822,1.2616115,1.2616115,False,False
C1QTNF1,3.3463686,0.9617058,0.9617058,False,False
AIFM3,4.5974407,1.8829684,1.8829684,False,False
APIP,4.4109936,0.8263051,0.8263051,False,False
PGAP3,5.060988,0.973258,0.973258,False,False
BCAS4,1.7468126,0.9628674,0.9628674,False,False
GPR35,5.867132,0.8076769,0.8076769,False,False
IL18R1,3.1060967,0.9077246,0.9077246,False,False
VSTM2A,2.076504,1.3971109,1.3971109,False,False
SCN7A,3.2936788,1.2200114,1.2200114,False,False
COL21A1,1.0627712,0.62149215,0.62149215,False,False
ABCC9,1.8714106,0.9328436,0.9328436,False,False
CARD6,3.0129194,0.9971545,0.9971545,False,False
PRCP,5.451961,0.68440515,0.68440515,False,False
CNTN3,3.1590745,1.4009464,1.4009464,False,False
IL6ST,7.6956835,1.0356072,1.0356072,False,False
SEC14L5,1.4043583,0.876399,0.876399,False,False
GLUL,8.008952,0.94151604,0.94151604,False,False
MYLK,6.9870586,0.99197304,0.99197304,False,False
CNTN4,3.2899866,1.1140455,1.1140455,False,False
SGIP1,1.5444416,0.8284243,0.8284243,False,False
ADAMTS5,2.6756978,1.0173068,1.0173068,False,False
RIPK4,4.4368854,0.9720043,0.9720043,False,False
PCK2,6.598169,1.2936714,1.2936714,False,False
ADARB1,3.2200534,0.78057706,0.78057706,False,False
GLI3,2.0211153,0.7978835,0.7978835,False,False
CBR1,6.3906617,1.3440033,1.3440033,False,False
FRZB,4.065298,0.94838476,0.94838476,False,False
MYBPC1,1.0168527,0.9153461,0.9153461,False,False
ETV7,3.0592263,1.0663402,1.0663402,False,False
A2M,8.388904,0.9475705,0.9475705,False,False
CXCR6,3.2801874,0.9317748,0.9317748,False,False
TMEM45A,1.9715065,0.7713924,0.7713924,False,False
ADCY5,3.2530525,0.81618613,0.81618613,False,False
PLAC8,7.547688,1.1568232,1.1568232,False,False
CASR,0.85823923,0.58753896,0.58753896,False,False
NKG7,2.124504,1.1513547,1.1513547,False,False
LGR5,3.245122,1.0878241,1.0878241,False,False
MTSS1,4.5952725,0.945478,0.945478,False,False
CDH19,1.9415038,0.908128,0.908128,False,False
TRIP6,4.0377097,0.7504957,0.7504957,False,False
GGT6,6.758,1.1359905,1.1359905,False,False
MLIP,0.7505275,0.8113118,0.8113118,False,False
GCNT2,4.742975,1.2140155,1.2140155,False,False
SEMA3D,3.0075557,1.1471441,1.1471441,False,False
APOLD1,2.9176795,0.8266965,0.8266965,False,False
IRF7,4.30551,0.81828266,0.81828266,False,False
PIK3IP1,5.2039323,0.74716973,0.74716973,False,False
ARHGAP31,4.6436176,0.7610044,0.7610044,False,False
USH1C,7.2339673,0.9509297,0.9509297,False,False
GDPD3,4.302859,0.96039474,0.96039474,False,False
L1CAM,1.8079156,0.90874016,0.90874016,False,False
TMPRSS6,1.0254344,0.76775706,0.76775706,False,False
SATB2,6.468301,1.6165404,1.6165404,False,False
GALNT2,5.830884,0.7351796,0.7351796,False,False
STAT3,7.5963016,0.6794288,0.6794288,False,False
ESAM,2.604548,0.8360916,0.8360916,False,False
GADD45B,3.7438958,0.9388297,0.9388297,False,False
ANK1,1.1384119,0.7688136,0.7688136,False,False
LAMB1,7.068562,0.90630686,0.90630686,False,False
GYPC,3.2584555,1.0138749,1.0138749,False,False
SEC1P,1.0138688,0.5161161,0.5161161,False,False
BMF,4.5578833,0.9456484,0.9456484,False,False
MYH10,3.8867152,0.83499205,0.83499205,False,False
GALNT8,4.3663225,1.104381,1.104381,False,False
AGTRAP,3.3248765,0.8548372,0.8548372,False,False
SFTPA2,1.2473791,1.1337985,1.1337985,False,False
ABCA4,0.9803119,1.0860467,1.0860467,False,False
DLGAP5,3.8467715,0.8158121,0.8158121,False,False
SESN3,6.033978,1.0764425,1.0764425,False,False
ANO6,5.8159842,1.4630823,1.4630823,False,False
ITGB4,7.3874288,0.7926551,0.7926551,False,False
NCS1,2.4956105,1.0018243,1.0018243,False,False
CBS,2.0790296,1.2923281,1.2923281,False,False
DCDC2,1.281357,1.0034183,1.0034183,False,False
NOTCH1,6.1335616,0.8974318,0.8974318,False,False
STEAP1,3.3281198,0.99862903,0.99862903,False,False
PZP,1.3340089,1.0077984,1.0077984,False,False
ADCY3,4.504524,0.72090805,0.72090805,False,False
SHC3,1.2270226,0.79504794,0.79504794,False,False
MAFB,3.2887855,0.89115167,0.89115167,False,False
TMEM63C,2.0907662,1.0084084,1.0084084,False,False
RIPK2,2.805064,0.66596,0.66596,False,False
HOXB6,3.9292357,0.93893296,0.93893296,False,False
ODC1,6.487439,0.7676633,0.7676633,False,False
LAMB3,7.245577,1.0274003,1.0274003,False,False
HKDC1,5.8443813,1.5707896,1.5707896,False,False
NLGN2,1.9765515,0.89791775,0.89791775,False,False
FAM43A,3.4747415,1.0118669,1.0118669,False,False
HIP1,3.5339677,0.74091107,0.74091107,False,False
FOLR2,3.0695758,0.8651448,0.8651448,False,False
NPNT,5.85855,1.0618659,1.0618659,False,False
TMEM255A,1.1453238,0.5754245,0.5754245,False,False
PITX1,3.1138356,1.1785644,1.1785644,False,False
TRPC4,1.0753314,0.69705033,0.69705033,False,False
PTPRH,7.155704,1.1459167,1.1459167,False,False
PITPNC1,3.5843887,0.7313868,0.7313868,False,False
CFL2,3.3436444,0.7654189,0.7654189,False,False
MROH6,2.8141336,0.8549502,0.8549502,False,False
EGLN3,6.0517235,1.0842612,1.0842612,False,False
COL4A5,3.6510556,1.1839414,1.1839414,False,False
MDK,5.027913,1.3641084,1.3641084,False,False
EMB,5.6262465,1.6161302,1.6161302,False,False
RUNX2,3.027938,0.83282167,0.83282167,False,False
SEMA6B,2.654619,0.9920053,0.9920053,False,False
SIRPG,1.5711783,0.9867363,0.9867363,False,False
EBF1,3.2197104,1.3710705,1.3710705,False,False
EPS8L3,6.422391,1.0433017,1.0433017,False,False
HMMR,3.9248881,0.9291627,0.9291627,False,False
PTCH1,4.832945,0.97280407,0.97280407,False,False
PDZRN3,4.0042634,0.8041512,0.8041512,False,False
PLCB3,6.799796,1.0378906,1.0378906,False,False
UNC5B,4.733042,1.188598,1.188598,False,False
QSOX1,7.441024,0.9857359,0.9857359,False,False
PDE7A,4.542839,0.9151085,0.9151085,False,False
FLT4,2.3762503,0.9507324,0.9507324,False,False
TRAT1,1.8277073,0.9095049,0.9095049,False,False
ARHGEF35,4.2961226,0.9004052,0.9004052,False,False
PKP3,6.6146193,0.901758,0.901758,False,False
PAPPA,2.621937,1.0034331,1.0034331,False,False
PPP1R12B,6.5593085,1.1160924,1.1160924,False,False
TRPA1,5.0556827,1.067418,1.067418,False,False
SFXN3,4.45824,1.2470589,1.2470589,False,False
SLC6A6,4.2321672,1.2596192,1.2596192,False,False
ADAMTS8,1.0538037,0.70261365,0.70261365,False,False
TPX2,4.5511923,0.75552076,0.75552076,False,False
ERBB2,7.2356744,1.0336192,1.0336192,False,False
SOSTDC1,3.3353512,1.08268,1.08268,False,False
TPRN,5.7785263,0.89623,0.89623,False,False
CD200,3.3697796,0.72570044,0.72570044,False,False
VSTM4,3.375667,0.83814204,0.83814204,False,False
IFNLR1,4.510638,0.9306098,0.9306098,False,False
ABAT,4.8143053,1.0408474,1.0408474,False,False
CDK5R1,1.9661213,0.77826864,0.77826864,False,False
CARD16,4.1710734,0.6918875,0.6918875,False,False
VSIG10,6.5804844,1.1427433,1.1427433,False,False
SDF2L1,4.0981455,0.9451055,0.9451055,False,False
GREB1,0.88533634,0.6035418,0.6035418,False,False
PEG10,1.6704451,0.77697,0.77697,False,False
RERG,1.6724757,0.7505653,0.7505653,False,False
RAMP1,2.4848638,1.4322088,1.4322088,False,False
MUC2,10.40607,1.4874607,1.4874607,False,False
DIO2,2.394628,1.0113852,1.0113852,False,False
MAP1B,3.7322154,0.997738,0.997738,False,False
CDK1,4.6682754,0.85966665,0.85966665,False,False
RBM38,4.374654,0.89943326,0.89943326,False,False
PRSS3,6.336855,0.89672625,0.89672625,False,False
FIBCD1,1.3189807,0.9387694,0.9387694,False,False
NPIPB15,1.7688082,1.0170996,1.0170996,False,False
DPY19L1,5.0717487,0.9583947,0.9583947,False,False
ARL14,4.928324,1.0703288,1.0703288,False,False
RAP1GAP,5.0320992,0.9362914,0.9362914,False,False
MYOF,6.4171147,1.3058935,1.3058935,False,False
NOTCH2,6.600836,1.0817177,1.0817177,False,False
KIFC3,3.6812572,1.3792613,1.3792613,False,False
VIL1,8.657018,1.3003396,1.3003396,False,False
EPHA7,2.7183502,1.1303489,1.1303489,False,False
GRK5,4.313702,0.8107193,0.8107193,False,False
BMP6,3.671911,1.0305699,1.0305699,False,False
ST3GAL5,3.0254424,0.8854625,0.8854625,False,False
PLD4,2.1419342,1.0145991,1.0145991,False,False
BEND4,1.5803819,0.9140922,0.9140922,False,False
NDNF,3.216883,1.3847463,1.3847463,False,False
TMEM229A,1.1046802,1.4890413,1.4890413,False,False
STMN2,3.00636,1.0307987,1.0307987,False,False
CYP2W1,1.0934155,0.87906575,0.87906575,False,False
EMID1,3.2214217,0.8558738,0.8558738,False,False
AKR1C3,7.099997,1.1580005,1.1580005,False,False
ZNF257,1.2750083,0.74934566,0.74934566,False,False
MGAT3,4.534926,1.3565412,1.3565412,False,False
OAT,7.6045904,1.922012,1.922012,False,False
GPC3,1.5087059,1.119826,1.119826,False,False
FAM167A,1.6462259,0.7824101,0.7824101,False,False
SGCD,2.7902956,0.8707085,0.8707085,False,False
JPH2,2.0314605,0.9677974,0.9677974,False,False
C12orf75,4.624952,1.0022672,1.0022672,False,False
SLIT2,2.8896635,0.90913665,0.90913665,False,False
TBC1D9,5.1036954,0.78494674,0.78494674,False,False
MS4A2,2.655277,0.94705904,0.94705904,False,False
NEURL1B,6.3359523,0.9873421,0.9873421,False,False
BHLHE41,3.447703,1.0907732,1.0907732,False,False
BCAS1,7.2259274,1.2689888,1.2689888,False,False
SSPN,3.8336406,0.9166324,0.9166324,False,False
LIX1L,3.6912365,0.7712532,0.7712532,False,False
RNASE1,6.4061503,0.8978066,0.8978066,False,False
MYBL2,3.4784198,1.0445253,1.0445253,False,False
KIF11,4.663488,0.82138586,0.82138586,False,False
IL18RAP,2.1062164,0.92673653,0.92673653,False,False
PPP1R14C,3.3731282,1.4121277,1.4121277,False,False
CD7,2.7875268,1.3211067,1.3211067,False,False
FRMD6,3.9089863,0.9675165,0.9675165,False,False
DOK2,3.0766284,0.87788,0.87788,False,False
NHSL1,6.8530846,1.2276748,1.2276748,False,False
IL1RAP,3.105956,0.77390856,0.77390856,False,False
EDN1,3.9274154,1.0306277,1.0306277,False,False
SPON1,6.6162643,1.322523,1.322523,False,False
BEND5,1.1957964,0.6480017,0.6480017,False,False
KANSL1-AS1,1.4283844,0.70578194,0.70578194,False,False
SULT2B1,1.3725352,1.183121,1.183121,False,False
MYO7B,7.6824517,0.9594669,0.9594669,False,False
HTR1D,1.4273365,1.4979172,1.4979172,False,False
GLYCTK,5.3287096,0.9985145,0.9985145,False,False
PLCB1,2.8816755,0.8177657,0.8177657,False,False
ARHGEF3,3.9694145,0.7499438,0.7499438,False,False
PLOD2,6.575564,1.2011527,1.2011527,False,False
NBEAL2,6.192387,0.8185479,0.8185479,False,False
RBP5,2.484912,0.8848643,0.8848643,False,False
RNF157,3.692179,1.0534104,1.0534104,False,False
CDC42BPG,5.308199,0.76150495,0.76150495,False,False
STK10,5.244365,0.64460343,0.64460343,False,False
CLEC2B,3.0207713,0.8361582,0.8361582,False,False
LPIN1,5.010806,0.7747943,0.7747943,False,False
NPIPB5,3.8272839,0.84104913,0.84104913,False,False
CMAHP,3.9799054,1.2063235,1.2063235,False,False
EPS8L2,6.6588607,0.7959365,0.7959365,False,False
PTN,2.353008,0.9801019,0.9801019,False,False
FEN1,4.46947,0.6708244,0.6708244,False,False
PLIN4,1.6079826,0.97317344,0.97317344,False,False
DHCR24,7.2188277,1.0545928,1.0545928,False,False
GJB1,5.585635,1.0004693,1.0004693,False,False
GRAP2,2.797271,0.84642357,0.84642357,False,False
TSHZ3,2.1114995,0.7263183,0.7263183,False,False
XCR1,1.1106834,0.81498575,0.81498575,False,False
CASS4,1.7222108,0.7381481,0.7381481,False,False
RIMS3,4.11772,1.0936823,1.0936823,False,False
PTK6,6.015174,0.8901764,0.8901764,False,False
NUSAP1,4.5938907,0.7672807,0.7672807,False,False
TCEA3,5.951667,0.9667369,0.9667369,False,False
GRB7,3.5981102,0.9446543,0.9446543,False,False
TMEM54,7.6764565,0.9793766,0.9793766,False,False
SLC44A4,7.980175,1.4543256,1.4543256,False,False
SYP,2.7969239,0.7691508,0.7691508,False,False
PTGIS,1.9964968,0.9082068,0.9082068,False,False
NUPR1,4.5374894,1.4179683,1.4179683,False,False
EPHB6,1.8031173,0.9736206,0.9736206,False,False
PTGER3,1.5654787,0.7455318,0.7455318,False,False
IGFALS,1.4958265,0.9445807,0.9445807,False,False
PKIG,4.883867,0.6459935,0.6459935,False,False
GSTM3,3.7320623,0.8425546,0.8425546,False,False
MCM5,5.412291,0.64645684,0.64645684,False,False
PTGES,2.255825,0.94112325,0.94112325,False,False
ABI3,3.3367972,0.9602098,0.9602098,False,False
CRIP2,3.3459945,1.1231223,1.1231223,False,False
DCLK1,2.3548748,0.91705775,0.91705775,False,False
RAB23,3.628668,0.7552361,0.7552361,False,False
RGS14,3.4734914,0.764264,0.764264,False,False
SSUH2,2.0725331,1.3154016,1.3154016,False,False
C14orf132,3.3221407,0.764138,0.764138,False,False
F5,1.6033634,0.7606172,0.7606172,False,False
SEC11C,5.3900366,0.6253607,0.6253607,False,False
AP1S2,3.9044104,0.6412212,0.6412212,False,False
GALNT12,6.604435,1.2563448,1.2563448,False,False
ABCC3,7.1608486,1.0716939,1.0716939,False,False
VWC2,0.7526862,0.48264393,0.48264393,False,False
AMPD1,1.515774,0.77768356,0.77768356,False,False
SLC16A4,3.1837325,1.474354,1.474354,False,False
SLC4A10,2.4782584,1.2344145,1.2344145,False,False
TMPRSS3,1.579037,0.7472094,0.7472094,False,False
INSC,2.1948836,0.90397936,0.90397936,False,False
IGF1,3.6592944,0.78625613,0.78625613,False,False
PYHIN1,1.9113201,0.9553731,0.9553731,False,False
CLRN3,6.228418,1.1043748,1.1043748,False,False
TMC5,6.7483497,1.225529,1.225529,False,False
FBLN5,2.9070094,0.9923243,0.9923243,False,False
AMPD3,3.7516937,0.71489066,0.71489066,False,False
AGR2,9.661847,1.4678252,1.4678252,False,False
SUCNR1,1.5520724,0.7190321,0.7190321,False,False
PITPNM3,3.992314,1.4272372,1.4272372,False,False
UHRF1,3.6166446,0.73045254,0.73045254,False,False
COBL,5.311999,1.1013625,1.1013625,False,False
VWDE,1.4718933,0.83377385,0.83377385,False,False
TSHZ2,2.9110763,0.8722007,0.8722007,False,False
SULF2,6.1538353,0.8769867,0.8769867,False,False
MPDZ,3.374257,0.9886186,0.9886186,False,False
SMAD7,4.8264885,0.9190003,0.9190003,False,False
EAF2,3.3774567,0.9724637,0.9724637,False,False
NT5E,6.0995784,1.0015917,1.0015917,False,False
ATP2C2,6.4202013,1.3049731,1.3049731,False,False
ROR2,2.4405587,0.7941513,0.7941513,False,False
SWAP70,5.327241,0.77434194,0.77434194,False,False
SLC15A3,3.5067801,0.92856365,0.92856365,False,False
MVD,5.1630836,0.69088936,0.69088936,False,False
TACR2,1.0370332,0.6314078,0.6314078,False,False
HS6ST2,0.8699353,0.6493831,0.6493831,False,False
GPRC5B,2.6344962,0.7660498,0.7660498,False,False
KCNA2,1.5676847,0.87678224,0.87678224,False,False
PPP1R15A,4.8386493,0.9463773,0.9463773,False,False
TLR7,2.648104,0.8405721,0.8405721,False,False
ESRRG,2.158511,1.5083742,1.5083742,False,False
FGFR4,4.703779,0.84711784,0.84711784,False,False
GULP1,3.951781,1.1051304,1.1051304,False,False
ITGA11,2.6014042,0.7420271,0.7420271,False,False
ATOH1,4.908803,1.0475404,1.0475404,False,False
ALDH3A1,2.4020858,1.0815755,1.0815755,False,False
CADM3,1.8670921,0.96766186,0.96766186,False,False
PRKCH,4.6884346,0.8776338,0.8776338,False,False
EMCN,2.8121295,0.82588667,0.82588667,False,False
CDC42EP2,2.8704715,0.94941485,0.94941485,False,False
KIF26B,1.5489167,0.7867514,0.7867514,False,False
PSTPIP2,3.0485065,0.6882457,0.6882457,False,False
CLGN,1.0049764,0.64857477,0.64857477,False,False
WNK4,3.8315022,1.010788,1.010788,False,False
SPIRE2,4.695699,0.787242,0.787242,False,False
PTPRZ1,0.88537204,0.57441944,0.57441944,False,False
CYGB,3.7215984,0.8998876,0.8998876,False,False
PLK3,2.6047988,0.8169156,0.8169156,False,False
RBM24,1.4501187,1.2431768,1.2431768,False,False
GALNT6,5.0870514,0.9795216,0.9795216,False,False
TMEM150B,4.404049,1.1345364,1.1345364,False,False
GK,5.9682727,1.3681579,1.3681579,False,False
KLF4,7.2046514,1.1128541,1.1128541,False,False
LRRC25,2.3376582,0.8664782,0.8664782,False,False
IRAK2,2.9914224,0.9495382,0.9495382,False,False
PLA2G4F,4.566847,0.9815663,0.9815663,False,False
ADRA2A,3.64723,1.1365305,1.1365305,False,False
STARD8,2.1659057,0.71357596,0.71357596,False,False
C11orf21,1.2128211,0.8139157,0.8139157,False,False
ABCC13,3.2275376,0.96626294,0.96626294,False,False
SDK2,2.1711278,0.85017467,0.85017467,False,False
GLT8D2,2.5090988,0.7539643,0.7539643,False,False
NPL,3.2132943,0.7153611,0.7153611,False,False
PTPRU,1.815627,0.888811,0.888811,False,False
BLNK,4.5306654,0.8673252,0.8673252,False,False
SLC29A1,3.1074662,0.89858836,0.89858836,False,False
NHSL2,2.1425965,0.86381793,0.86381793,False,False
GPRC5A,7.038632,1.3521564,1.3521564,False,False
CYSLTR1,2.7480006,0.84699535,0.84699535,False,False
VSNL1,1.9032812,1.0983611,1.0983611,False,False
ANK3,6.082932,1.1287605,1.1287605,False,False
FCGRT,7.9301233,0.7970972,0.7970972,False,False
LST1,2.6348586,1.011895,1.011895,False,False
PTCHD1,1.1954582,0.7288742,0.7288742,False,False
ZNF521,2.6138556,0.814881,0.814881,False,False
NEBL,4.878927,1.2095474,1.2095474,False,False
RAB8B,5.407127,0.9949661,0.9949661,False,False
REP15,4.794897,1.0554001,1.0554001,False,False
PLEKHN1,0.8046764,0.5275214,0.5275214,False,False
TINAG,4.0156655,1.0155507,1.0155507,False,False
CYP27B1,1.1518137,0.55048037,0.55048037,False,False
ANGPT1,2.2289848,0.8582694,0.8582694,False,False
PAM,6.053057,0.87022805,0.87022805,False,False
PIWIL2,2.5628648,0.8786716,0.8786716,False,False
SLC29A4,2.3418427,0.94778734,0.94778734,False,False
CDH1,8.8893795,1.3353666,1.3353666,False,False
LIPA,6.9068522,1.3393099,1.3393099,False,False
SLC6A12,1.439202,0.90280735,0.90280735,False,False
PRKAA2,2.6727347,1.369234,1.369234,False,False
GSDMB,6.0921397,0.80544764,0.80544764,False,False
NLRP7,0.85430855,0.5540758,0.5540758,False,False
SLC6A8,6.3795404,1.1474197,1.1474197,False,False
HSPA13,5.158097,0.93690664,0.93690664,False,False
WFS1,3.613202,0.7895272,0.7895272,False,False
CRYL1,6.362254,0.96356875,0.96356875,False,False
DNAJC5B,0.9016753,0.61039287,0.61039287,False,False
TRAFD1,5.2549777,0.62566495,0.62566495,False,False
TJP3,6.8593903,0.95280844,0.95280844,False,False
CPED1,4.1695814,1.0392231,1.0392231,False,False
TM4SF18,2.1470163,0.77571523,0.77571523,False,False
TENM2,0.81593144,0.5393696,0.5393696,False,False
NR1I2,5.763823,1.2199694,1.2199694,False,False
EGF,2.4606972,1.2077692,1.2077692,False,False
RILPL2,2.7852674,0.80668336,0.80668336,False,False
MST1R,5.3889327,0.84493774,0.84493774,False,False
ABHD6,4.9934363,1.0917109,1.0917109,False,False
RHBDL2,3.5544195,1.8351951,1.8351951,False,False
OGFRL1,4.701636,0.78679806,0.78679806,False,False
LAMP5,0.8924051,0.5416804,0.5416804,False,False
PLEKHA2,5.5970483,0.71458644,0.71458644,False,False
SLC37A4,5.6426215,1.0588646,1.0588646,False,False
DIO3,1.0053823,0.9023499,0.9023499,False,False
KIF1A,1.0711203,0.78782,0.78782,False,False
COL24A1,1.4299451,0.8495536,0.8495536,False,False
TMEM139,4.386668,1.00044,1.00044,False,False
ARHGEF34P,4.54772,1.0031475,1.0031475,False,False
FREM1,3.3864849,1.9189708,1.9189708,False,False
KLF7,3.7700086,0.9969252,0.9969252,False,False
EFEMP2,3.0345018,0.8886613,0.8886613,False,False
MMP11,2.3418207,0.8054435,0.8054435,False,False
ABCD1,4.00727,1.0499703,1.0499703,False,False
DZIP1,2.561508,0.79283756,0.79283756,False,False
MPZL2,5.4969263,1.2920884,1.2920884,False,False
ANO1,2.9822786,1.08164,1.08164,False,False
NCAPH,3.2430182,0.7372662,0.7372662,False,False
CTSF,3.1111734,0.79915917,0.79915917,False,False
KIF23,3.6230118,0.77975374,0.77975374,False,False
MAPK11,1.8871747,0.9484895,0.9484895,False,False
EPB41L2,6.30544,0.84804034,0.84804034,False,False
HS3ST3B1,3.0347342,0.8876652,0.8876652,False,False
ZNF704,5.883118,1.1952362,1.1952362,False,False
CMPK2,3.847381,0.9685243,0.9685243,False,False
ARSJ,3.0558765,1.4241039,1.4241039,False,False
TSPAN33,3.611209,0.83593905,0.83593905,False,False
SREBF1,5.7620707,0.72152257,0.72152257,False,False
KIF2C,3.677982,0.6578115,0.6578115,False,False
BCL6B,2.054225,0.79480135,0.79480135,False,False
HNF1A,3.8966708,0.9618892,0.9618892,False,False
TMEM184A,5.66448,0.8124354,0.8124354,False,False
ZDHHC11B,2.267995,1.221144,1.221144,False,False
SULT1C3,1.2921585,0.96795994,0.96795994,False,False
C1orf210,4.814174,0.9305017,0.9305017,False,False
PRC1,4.6594405,0.8392348,0.8392348,False,False
AURKB,2.9896443,0.80381304,0.80381304,False,False
CD3G,2.3422332,0.99989265,0.99989265,False,False
PTPRF,8.429304,1.1454419,1.1454419,False,False
GLRX,5.6518397,1.0349178,1.0349178,False,False
C19orf38,1.2121371,0.66093546,0.66093546,False,False
TGIF2,3.0171094,0.7763639,0.7763639,False,False
ID1,6.953669,0.85801685,0.85801685,False,False
NXF3,0.93737453,0.8630916,0.8630916,False,False
COL11A2,1.0203009,0.61855286,0.61855286,False,False
CIB2,2.9455647,1.0766028,1.0766028,False,False
PSMB10,6.655134,0.6492282,0.6492282,False,False
IQGAP3,4.363009,0.9352111,0.9352111,False,False
ITGA3,6.8977365,0.7787991,0.7787991,False,False
CKS2,4.169367,0.6826648,0.6826648,False,False
HR,5.1313667,0.9634391,0.9634391,False,False
MAP3K6,3.7729366,0.7281862,0.7281862,False,False
PSMB8,6.89461,0.5918856,0.5918856,False,False
NUAK1,2.6877694,0.73641795,0.73641795,False,False
CNTRL,4.7452154,0.952815,0.952815,False,False
TNFRSF18,1.977995,0.9549581,0.9549581,False,False
ANP32E,4.789599,0.73829794,0.73829794,False,False
CKMT1B,5.736031,1.1687506,1.1687506,False,False
ARHGEF15,1.5755903,0.81592304,0.81592304,False,False
SEMA3A,2.9256117,0.9477624,0.9477624,False,False
MXD1,7.220706,1.0676852,1.0676852,False,False
ANGPTL1,3.330258,1.020237,1.020237,False,False
PTPRO,4.3154635,1.5282798,1.5282798,False,False
PPL,4.2058277,0.8994048,0.8994048,False,False
SPINT1,7.5139885,0.9622335,0.9622335,False,False
LMO2,2.8143406,0.7866766,0.7866766,False,False
PODN,2.153448,0.893789,0.893789,False,False
CHODL,1.1407833,0.6824914,0.6824914,False,False
PDK2,4.485211,1.0548562,1.0548562,False,False
SMPD3,6.0015564,1.1683449,1.1683449,False,False
GNAI1,4.2301927,0.7963786,0.7963786,False,False
CAPG,6.056862,0.7920891,0.7920891,False,False
BLVRA,2.8565,0.8702541,0.8702541,False,False
PCDH19,2.0641718,0.9140907,0.9140907,False,False
HSPA1B,7.5550847,0.9745628,0.9745628,False,False
FUOM,4.2464004,1.1458459,1.1458459,False,False
SORCS1,1.7896088,0.792249,0.792249,False,False
LIN7A,2.2993846,1.2685163,1.2685163,False,False
CKMT1A,5.635265,1.1906167,1.1906167,False,False
ADAMTSL4,2.872864,0.8236802,0.8236802,False,False
HLF,2.1373312,0.9080109,0.9080109,False,False
CDR2L,2.63121,1.3814694,1.3814694,False,False
UBASH3B,3.2133355,0.77784216,0.77784216,False,False
SNX29,4.5362024,0.7695284,0.7695284,False,False
SCEL,1.6918325,1.3581815,1.3581815,False,False
COL27A1,3.1916726,0.9719255,0.9719255,False,False
RASSF10,1.4150212,1.0933703,1.0933703,False,False
PDIA4,8.015882,0.8684382,0.8684382,False,False
GIPC2,6.039079,1.0728803,1.0728803,False,False
IGHJ2,1.8421377,1.4709263,1.4709263,False,False
SLC16A14,2.961919,1.1500466,1.1500466,False,False
DNASE2,4.702183,0.6386245,0.6386245,False,False
CACNA1C,2.6461518,0.786054,0.786054,False,False
PRKACB,7.2413893,1.3289069,1.3289069,False,False
RBP4,1.7298582,0.9642439,0.9642439,False,False
GIMAP1,3.1977262,0.85389376,0.85389376,False,False
BATF3,1.0160457,0.7132286,0.7132286,False,False
EPHA10,4.7385483,1.07891,1.07891,False,False
SEMA4C,4.1103363,0.7483026,0.7483026,False,False
EGFLAM,1.5303605,0.7556241,0.7556241,False,False
DMRT2,1.2305936,0.84149003,0.84149003,False,False
DENND3,4.7580194,0.80592024,0.80592024,False,False
NR2F1,2.0062003,0.8077092,0.8077092,False,False
PDIA2,1.2763938,1.0515733,1.0515733,False,False
BMP7,2.2570255,0.8907146,0.8907146,False,False
CDC14A,4.735158,1.0488725,1.0488725,False,False
WNT2B,3.8966966,0.77682364,0.77682364,False,False
TTYH3,4.9779215,0.97522724,0.97522724,False,False
KLK11,1.0009067,0.6740483,0.6740483,False,False
ADAMTSL3,2.0869374,0.92023,0.92023,False,False
FAM47E-STBD1,4.4518948,1.2685273,1.2685273,False,False
ACVRL1,6.809299,1.2264804,1.2264804,False,False
UPP1,4.294826,0.8553942,0.8553942,False,False
GATA6,5.48003,0.9427266,0.9427266,False,False
STS,4.8313355,0.9797578,0.9797578,False,False
PML,4.307477,0.9883444,0.9883444,False,False
SPRY4,3.852341,0.756959,0.756959,False,False
CES1,2.6547642,0.8169996,0.8169996,False,False
IRF5,3.3511155,0.77099526,0.77099526,False,False
UNC5D,2.023624,1.5752358,1.5752358,False,False
WDR17,1.2508141,0.63873094,0.63873094,False,False
BICD2,4.5987573,0.7942699,0.7942699,False,False
RAB34,3.1733654,0.8831347,0.8831347,False,False
SFMBT2,3.9464877,0.92729336,0.92729336,False,False
CHPF,5.0301127,0.8531718,0.8531718,False,False
TOP2A,6.3498564,1.0642364,1.0642364,False,False
MAB21L2,3.0021431,0.742551,0.742551,False,False
QSOX2,3.6459618,0.73794323,0.73794323,False,False
RSPO1,0.76272845,0.55554914,0.55554914,False,False
HDC,2.0296907,0.9594728,0.9594728,False,False
HES2,3.8032868,1.0855104,1.0855104,False,False
TSPAN2,2.3329058,0.7317036,0.7317036,False,False
TAT,1.0907786,0.726528,0.726528,False,False
CBL,4.926191,0.9010873,0.9010873,False,False
PACS1,3.8359687,1.0291595,1.0291595,False,False
LSS,5.8087254,0.8049028,0.8049028,False,False
CAV2,3.731927,0.7341493,0.7341493,False,False
TINAGL1,6.0577607,0.74875534,0.74875534,False,False
HSPA1A,7.304603,0.9600455,0.9600455,False,False
SLC25A10,5.149102,0.7865005,0.7865005,False,False
MLPH,5.7392077,0.94588023,0.94588023,False,False
PBX1,5.4734387,0.79298365,0.79298365,False,False
TNFRSF25,3.416579,0.7999592,0.7999592,False,False
MFAP2,1.1209781,0.81385213,0.81385213,False,False
CHRM3,3.186548,0.9441941,0.9441941,False,False
ADH4,1.3369246,0.7782586,0.7782586,False,False
PHF19,3.855238,0.5916368,0.5916368,False,False
NCDN,3.1496162,0.7529915,0.7529915,False,False
F10,1.8169613,1.0228767,1.0228767,False,False
EPHB4,5.2301965,0.8454155,0.8454155,False,False
ERN1,4.674934,0.72918725,0.72918725,False,False
GSN,8.767657,0.7931385,0.7931385,False,False
CCDC141,1.999724,1.2555073,1.2555073,False,False
AKR1B1,3.9535315,0.87248963,0.87248963,False,False
CYB5A,5.918469,1.0931209,1.0931209,False,False
COL9A1,1.128407,0.5431621,0.5431621,False,False
CLEC4A,1.9717696,0.7282743,0.7282743,False,False
H6PD,6.393866,0.7268849,0.7268849,False,False
TMEM98,6.326149,0.9525658,0.9525658,False,False
LOXL1,1.932545,0.92223126,0.92223126,False,False
CSPG4,3.2912042,1.0233799,1.0233799,False,False
ARHGAP24,3.2006402,0.9017763,0.9017763,False,False
BUB1B,3.8320527,0.81996906,0.81996906,False,False
TESC,1.5950968,0.87973887,0.87973887,False,False
ZSCAN18,3.9268193,0.65377665,0.65377665,False,False
IL17RE,4.8219323,0.77699643,0.77699643,False,False
MCM2,4.9112916,0.757213,0.757213,False,False
LATS2,3.2632005,0.7083462,0.7083462,False,False
ECT2,5.188118,0.9422708,0.9422708,False,False
SLC23A2,4.556315,0.7936223,0.7936223,False,False
HLX,2.0527275,0.8161478,0.8161478,False,False
ARHGEF10,3.1872978,0.7291813,0.7291813,False,False
MAGI2-AS3,2.7185197,0.8267869,0.8267869,False,False
DAB2,5.2776375,0.70828867,0.70828867,False,False
AGPAT4,3.1997519,1.0439429,1.0439429,False,False
HPSE2,2.2244284,0.822121,0.822121,False,False
UBE2E2,3.016131,0.9101017,0.9101017,False,False
SERPINA6,0.98059267,0.7952212,0.7952212,False,False
KLK15,1.6161302,1.2331796,1.2331796,False,False
FZD4,4.017648,0.74409866,0.74409866,False,False
ESYT1,6.1124516,0.7125679,0.7125679,False,False
SIGLEC9,1.3621302,0.63296336,0.63296336,False,False
MYCT1,2.1850917,0.71496314,0.71496314,False,False
ARRDC3,6.2420335,0.99329776,0.99329776,False,False
FAM225A,0.9856937,0.6200648,0.6200648,False,False
ADCY9,5.527894,0.8872236,0.8872236,False,False
GNB5,3.2524765,0.6938867,0.6938867,False,False
BICC1,3.199337,0.960133,0.960133,False,False
GNA11,7.9990253,0.9797078,0.9797078,False,False
AGAP2,2.7893865,0.8693147,0.8693147,False,False
IGSF3,5.622981,1.1405987,1.1405987,False,False
RARG,3.2471418,0.880062,0.880062,False,False
BAG3,3.631624,0.95396924,0.95396924,False,False
SMARCA1,3.1087074,0.7469043,0.7469043,False,False
MTNR1A,1.4532858,0.9620482,0.9620482,False,False
FAM107A,2.2149975,0.9434089,0.9434089,False,False
TENM3,1.5825461,0.78092456,0.78092456,False,False
BCL11A,3.5981877,0.72333586,0.72333586,False,False
HMGB2,5.98797,0.68610317,0.68610317,False,False
CCNB2,3.9465766,0.66268605,0.66268605,False,False
TP53INP1,5.8352675,0.82907903,0.82907903,False,False
ARHGAP44,4.95163,1.2055842,1.2055842,False,False
KIAA0040,4.8315177,0.62540877,0.62540877,False,False
LTBP3,4.075032,0.97543275,0.97543275,False,False
CHRNA3,1.4043509,0.76473254,0.76473254,False,False
GRIK3,1.4494308,0.71996653,0.71996653,False,False
TXLNB,1.6703786,0.79481256,0.79481256,False,False
ZNF107,3.7622013,0.84316,0.84316,False,False
SGCE,2.9480946,0.7487016,0.7487016,False,False
GPR174,3.1594522,1.1979334,1.1979334,False,False
SASH1,4.706205,0.73579,0.73579,False,False
NDN,3.614032,0.7856269,0.7856269,False,False
MSMO1,6.2049856,0.9974426,0.9974426,False,False
SYT7,3.8123984,0.8720425,0.8720425,False,False
B3GNT3,6.3083873,1.1965168,1.1965168,False,False
PTPRT,1.1669297,0.678531,0.678531,False,False
TPPP3,2.2130814,1.0476135,1.0476135,False,False
MAL,1.1589782,0.7764323,0.7764323,False,False
RGS18,2.5329704,0.8190214,0.8190214,False,False
KIFC1,3.6754982,0.6744641,0.6744641,False,False
SLC39A8,6.6302047,1.3348755,1.3348755,False,False
HAS2,3.2245812,0.9392255,0.9392255,False,False
DPP7,4.924555,0.80455154,0.80455154,False,False
SCPEP1,5.0996614,0.96480274,0.96480274,False,False
SNHG18,4.306822,0.6789742,0.6789742,False,False
PKN1,4.7016854,0.9887906,0.9887906,False,False
BTNL9,1.7765181,0.8378168,0.8378168,False,False
SLC22A23,6.2828507,0.9512527,0.9512527,False,False
FGF2,2.874879,0.8925238,0.8925238,False,False
PAPPA2,2.078058,1.4311998,1.4311998,False,False
GATA2,1.9745065,0.74584824,0.74584824,False,False
KCNJ2,4.3828864,1.3202068,1.3202068,False,False
SEMA6A,5.800231,0.96352166,0.96352166,False,False
PPM1M,3.2292185,0.7183248,0.7183248,False,False
KCNMB1,1.5258512,0.83279186,0.83279186,False,False
IL17RA,4.866552,0.63686705,0.63686705,False,False
CAMK2N1,6.7422004,0.9982842,0.9982842,False,False
CYLD,6.1873617,0.82397383,0.82397383,False,False
HSPA2,4.5645185,1.0142621,1.0142621,False,False
GIMAP2,3.8066792,0.8000134,0.8000134,False,False
SSR4,7.1203246,0.71110886,0.71110886,False,False
CACFD1,5.7344823,0.68426615,0.68426615,False,False
CBLN2,1.3485304,0.8016273,0.8016273,False,False
CKAP4,6.185974,0.8544045,0.8544045,False,False
MR1,4.1069894,0.7314902,0.7314902,False,False
NIN,5.8848557,0.92188984,0.92188984,False,False
F2RL3,1.9062192,0.74916995,0.74916995,False,False
PHLDB2,3.8660915,0.82885706,0.82885706,False,False
ZBTB10,5.1535215,1.5196195,1.5196195,False,False
NPY1R,1.9957092,1.1739107,1.1739107,False,False
C16orf89,1.5926502,0.8033136,0.8033136,False,False
PPP1R16A,5.53908,0.80745304,0.80745304,False,False
RAMP2,1.4338905,1.0398849,1.0398849,False,False
PTTG1,3.7655358,0.67728984,0.67728984,False,False
STARD10,6.6053047,1.0835164,1.0835164,False,False
GZMM,1.7847794,0.9275606,0.9275606,False,False
FAM167B,1.0299821,0.821668,0.821668,False,False
FBXO32,5.2514205,0.88090026,0.88090026,False,False
VAT1L,2.2826881,0.7975787,0.7975787,False,False
ADORA2B,3.6904314,1.4989859,1.4989859,False,False
ADPRH,2.4682043,0.7780029,0.7780029,False,False
RASIP1,1.8249947,0.89216655,0.89216655,False,False
AR,1.3647938,0.7745411,0.7745411,False,False
RGMB,5.80207,0.9859992,0.9859992,False,False
WWC3,4.5501666,0.7620837,0.7620837,False,False
OCLN,6.004846,1.2163092,1.2163092,False,False
CD82,5.2735014,1.1986258,1.1986258,False,False
PBXIP1,6.455326,0.73487407,0.73487407,False,False
PDPR,5.2405033,0.76363236,0.76363236,False,False
CGN,6.9672565,1.1098975,1.1098975,False,False
CDYL2,3.7045882,1.0273334,1.0273334,False,False
LINC00426,1.1095711,0.6816108,0.6816108,False,False
ARHGEF16,5.994671,0.81774086,0.81774086,False,False
PANK1,5.092843,0.9538262,0.9538262,False,False
ST6GALNAC1,7.8448296,1.342873,1.342873,False,False
UCHL1,1.0817517,0.8125516,0.8125516,False,False
SLC7A1,5.637733,0.85135114,0.85135114,False,False
TMEM171,4.590977,1.121545,1.121545,False,False
COLEC11,0.97774124,0.67526674,0.67526674,False,False
BDKRB2,4.8660226,0.7132624,0.7132624,False,False
FMNL2,4.5340285,0.87493443,0.87493443,False,False
CLIP4,3.3763196,0.9501158,0.9501158,False,False
NDUFB7,6.0239534,0.6760903,0.6760903,False,False
CD160,1.6673348,0.8309014,0.8309014,False,False
SEMA5A,6.4334083,1.2145771,1.2145771,False,False
PTPN22,3.7979157,0.91017896,0.91017896,False,False
HNF4A,7.5213604,1.2004166,1.2004166,False,False
PMAIP1,2.4513938,0.71311146,0.71311146,False,False
TRAM2,5.643348,0.80505556,0.80505556,False,False
NR1D2,5.568886,0.88514924,0.88514924,False,False
PEPD,6.108515,1.5203086,1.5203086,False,False
SRGAP2,3.42317,0.66312724,0.66312724,False,False
PAMR1,2.5129888,0.8172157,0.8172157,False,False
ELOVL6,5.2319417,1.2680078,1.2680078,False,False
AGR3,6.229014,1.0939606,1.0939606,False,False
HK1,5.952203,0.99487734,0.99487734,False,False
SLC25A37,5.268233,0.78577894,0.78577894,False,False
ST3GAL2,4.449463,0.7881389,0.7881389,False,False
RAB39B,1.3713611,0.6902215,0.6902215,False,False
TMC6,5.978726,0.8060999,0.8060999,False,False
TMPRSS4,7.046055,1.212689,1.212689,False,False
PLK2,4.5643187,0.77907735,0.77907735,False,False
MAN1C1,2.754714,0.7827679,0.7827679,False,False
PHACTR1,2.725622,0.8454945,0.8454945,False,False
ST6GALNAC5,1.22355,0.7168782,0.7168782,False,False
IRF8,5.887192,0.78379744,0.78379744,False,False
NCF1B,2.2991862,1.0735339,1.0735339,False,False
CDC42EP3,4.601176,0.7086808,0.7086808,False,False
GPC1,3.4272304,0.7719029,0.7719029,False,False
ADAM23,1.5173697,0.6576086,0.6576086,False,False
CALHM2,2.7098455,0.7107125,0.7107125,False,False
OSBPL3,4.590109,0.86662626,0.86662626,False,False
FGF14,0.8003894,0.5193882,0.5193882,False,False
CTSW,1.7745937,0.8663146,0.8663146,False,False
IL34,2.5385811,0.83189905,0.83189905,False,False
SLC16A2,1.9820386,0.761627,0.761627,False,False
ARHGAP28,2.4116008,0.7770343,0.7770343,False,False
CLEC3B,3.1120856,1.0739758,1.0739758,False,False
ZNF469,2.1920798,0.8630934,0.8630934,False,False
TGFB1I1,3.019527,0.9087534,0.9087534,False,False
MITF,2.830782,0.7239285,0.7239285,False,False
ADAMTS10,2.2304158,0.968562,0.968562,False,False
ST6GALNAC4,4.0397353,1.0638696,1.0638696,False,False
ECSCR,2.1201177,0.8650185,0.8650185,False,False
ITM2C,9.195194,1.455092,1.455092,False,False
OVOL1,5.1190395,1.0892487,1.0892487,False,False
HTR4,3.0601568,1.1220906,1.1220906,False,False
TCIRG1,6.4703674,0.7866192,0.7866192,False,False
DNAJB9,5.241194,0.84745187,0.84745187,False,False
NETO2,3.3571463,1.262257,1.262257,False,False
CASP4,5.183186,0.86062485,0.86062485,False,False
LIPH,6.4979906,1.3506249,1.3506249,False,False
CPA6,1.8579115,1.3537182,1.3537182,False,False
IPCEF1,2.5974092,0.822937,0.822937,False,False
PRR15L,7.5437784,1.109614,1.109614,False,False
NAT2,4.0826626,0.97346133,0.97346133,False,False
MELK,3.7311034,0.7830446,0.7830446,False,False
SLC16A5,4.724977,0.9127201,0.9127201,False,False
VASH2,1.2282712,0.5920056,0.5920056,False,False
ZNF366,2.3813248,0.76316905,0.76316905,False,False
DTNA,2.1136026,0.8233503,0.8233503,False,False
RCAN3,4.6972103,0.719207,0.719207,False,False
PRKD3,5.296746,0.83967084,0.83967084,False,False
VILL,7.076713,0.7390983,0.7390983,False,False
TRABD2A,5.8810134,1.1394504,1.1394504,False,False
NPR1,1.8271927,0.7942808,0.7942808,False,False
SERINC2,6.44007,1.22238,1.22238,False,False
EPN3,3.3597107,1.0894043,1.0894043,False,False
NYNRIN,4.332113,0.7781881,0.7781881,False,False
EPDR1,3.317029,0.9061732,0.9061732,False,False
P4HA1,5.2593746,0.7766387,0.7766387,False,False
SYDE1,2.1579845,0.78460276,0.78460276,False,False
PMEPA1,4.693405,0.7699618,0.7699618,False,False
SLCO3A1,2.8589768,0.78914917,0.78914917,False,False
RCN3,3.3715634,0.89467865,0.89467865,False,False
GRIK2,1.1630307,0.826071,0.826071,False,False
ETHE1,7.3202157,1.1353279,1.1353279,False,False
VANGL2,2.8530931,0.9635921,0.9635921,False,False
DQX1,4.42178,0.95425344,0.95425344,False,False
SLC9A7,3.3742206,1.1079568,1.1079568,False,False
CNKSR3,5.123914,1.0546837,1.0546837,False,False
GRIN3A,1.9343936,0.7915057,0.7915057,False,False
RPL22L1,4.0292273,0.69767976,0.69767976,False,False
TIFAB,2.140044,0.83739084,0.83739084,False,False
CD300LF,2.2192383,0.7298658,0.7298658,False,False
SPPL2B,5.8659596,0.67595744,0.67595744,False,False
MYBL1,2.2425787,0.832108,0.832108,False,False
PGM2L1,4.493006,1.0570418,1.0570418,False,False
CBX2,1.1047918,0.59372807,0.59372807,False,False
ROS1,1.5882955,0.8810626,0.8810626,False,False
RUSC2,2.84392,0.7370602,0.7370602,False,False
LYPD6B,1.3145688,0.8616226,0.8616226,False,False
CDCA7,5.2223544,0.8869801,0.8869801,False,False
PHGDH,2.3742912,0.8715884,0.8715884,False,False
PDCD4,7.9192204,0.9973558,0.9973558,False,False
ENAH,5.3227043,0.7943026,0.7943026,False,False
FAM3C,6.078546,1.2334507,1.2334507,False,False
TSPAN7,4.796287,1.2298346,1.2298346,False,False
FOXA3,4.7667184,0.7534445,0.7534445,False,False
SPEG,2.1482058,1.0248698,1.0248698,False,False
PIM1,5.1291533,0.63196474,0.63196474,False,False
SDS,1.8916417,0.9111534,0.9111534,False,False
PLCG1,5.3812494,0.60804933,0.60804933,False,False
REL,5.022318,0.8662205,0.8662205,False,False
GNE,7.0622563,1.4955143,1.4955143,False,False
PEX6,4.919151,0.642687,0.642687,False,False
MCM6,4.8976393,0.72183233,0.72183233,False,False
TTLL6,3.254601,1.0068612,1.0068612,False,False
PRICKLE1,2.2416527,0.72880673,0.72880673,False,False
KLRD1,2.4173732,0.85613143,0.85613143,False,False
APBA2,2.183417,0.88194984,0.88194984,False,False
PALLD,5.9848223,0.7825607,0.7825607,False,False
CDCA5,3.1118045,0.7626877,0.7626877,False,False
DENND4B,4.624262,0.66226745,0.66226745,False,False
TTYH2,2.2435756,0.7489753,0.7489753,False,False
PSME2,6.7728267,0.9976934,0.9976934,False,False
MFSD12,4.2985196,0.7562229,0.7562229,False,False
ESRP1,6.6932235,1.2904027,1.2904027,False,False
NREP,3.6102772,0.6817724,0.6817724,False,False
NFE2L3,4.8893805,0.86906296,0.86906296,False,False
ZHX2,3.6984355,0.77956504,0.77956504,False,False
SYT13,5.635925,1.0486753,1.0486753,False,False
KIF20A,3.604019,0.7917163,0.7917163,False,False
OGDHL,1.3982656,0.6594541,0.6594541,False,False
RUNDC3B,3.2292032,1.0160294,1.0160294,False,False
GPM6A,0.9753994,0.6415609,0.6415609,False,False
UCN3,1.6647848,0.798703,0.798703,False,False
ZNF727,1.8774841,1.1241921,1.1241921,False,False
PPM1F,4.4133854,0.7088825,0.7088825,False,False
GALNT13,0.7716461,0.92392194,0.92392194,False,False
MAD2L1,4.0982513,0.7459431,0.7459431,False,False
FBXO41,2.6103861,0.753077,0.753077,False,False
SYNGAP1,2.6562803,0.69551086,0.69551086,False,False
IL18,5.209818,0.7592221,0.7592221,False,False
PRICKLE2,3.6887245,0.9603863,0.9603863,False,False
KCNQ3,1.2689054,1.2038319,1.2038319,False,False
KIF26A,2.876034,1.1236995,1.1236995,False,False
FLVCR2,4.6690674,1.0960159,1.0960159,False,False
KLF5,7.88048,1.1253192,1.1253192,False,False
ARNT2,2.597506,0.8320821,0.8320821,False,False
HLA-E,9.403838,0.6183166,0.6183166,False,False
TNFRSF11A,6.067065,1.1438301,1.1438301,False,False
TPST1,2.3835173,0.7662444,0.7662444,False,False
JAZF1,2.9284277,0.60484654,0.60484654,False,False
HDHD3,6.0688915,0.6222654,0.6222654,False,False
VEGFC,1.244262,0.70011055,0.70011055,False,False
NLGN4X,2.1550672,0.7955329,0.7955329,False,False
ARHGEF40,5.4171214,0.85340774,0.85340774,False,False
SNED1,3.832766,0.8525505,0.8525505,False,False
FOXJ1,1.1396646,0.84610826,0.84610826,False,False
ALDH1B1,5.821675,0.7132781,0.7132781,False,False
NTN4,4.6243305,0.8652191,0.8652191,False,False
KCNG1,1.7787911,1.0675664,1.0675664,False,False
WNK1,6.346908,0.782082,0.782082,False,False
LFNG,5.5456424,0.75095934,0.75095934,False,False
ABCA3,2.4082842,0.7532977,0.7532977,False,False
FABP4,1.2269622,0.85662526,0.85662526,False,False
ITGA1,6.166741,0.8833982,0.8833982,False,False
MYRF,3.9680085,0.99226713,0.99226713,False,False
IFFO1,2.9207804,0.8244842,0.8244842,False,False
HIF3A,1.1009787,0.70391613,0.70391613,False,False
HOOK2,5.443848,0.6138744,0.6138744,False,False
ANKRD20A1,1.3012867,0.7793496,0.7793496,False,False
MPP1,4.6873393,0.98723406,0.98723406,False,False
CARD10,5.809317,0.8310347,0.8310347,False,False
DDX21,6.502324,0.9370278,0.9370278,False,False
WFDC1,2.7832928,0.73427796,0.73427796,False,False
DBNDD1,1.404206,0.6970689,0.6970689,False,False
YBX2,2.7141464,1.024408,1.024408,False,False
FSTL3,2.1660423,0.90590966,0.90590966,False,False
C1QTNF7,1.4174643,0.6633806,0.6633806,False,False
TMEM229B,4.1015,1.0291691,1.0291691,False,False
PLCL1,1.9707255,0.73978806,0.73978806,False,False
NGFR,1.2779863,0.8304734,0.8304734,False,False
SH3YL1,5.9291105,0.8830953,0.8830953,False,False
UBASH3A,2.1124663,0.8879121,0.8879121,False,False
EFNA2,4.2482615,1.0452487,1.0452487,False,False
CNNM4,6.216055,1.3529993,1.3529993,False,False
LIMS2,2.6368518,1.025474,1.025474,False,False
PARP1,6.3668227,0.6080236,0.6080236,False,False
ADA,2.2133682,0.79865986,0.79865986,False,False
MMP16,1.1396636,0.6988683,0.6988683,False,False
BMPER,1.5500144,0.7435816,0.7435816,False,False
NRXN1,2.6368954,1.0743263,1.0743263,False,False
OXCT1,5.016046,0.7389894,0.7389894,False,False
RGL1,4.4301577,0.7105957,0.7105957,False,False
CLEC1A,1.1559155,0.5819232,0.5819232,False,False
AOAH,4.8262277,0.73989713,0.73989713,False,False
ZNF512B,2.9612508,0.9004934,0.9004934,False,False
LIMS1,5.494896,0.66033536,0.66033536,False,False
UBTD1,1.227981,0.62669665,0.62669665,False,False
KCNMA1,5.11714,0.77764153,0.77764153,False,False
MYBBP1A,4.869503,0.6391368,0.6391368,False,False
DGAT2,2.8262908,0.7994795,0.7994795,False,False
CPNE8,4.258465,1.2137601,1.2137601,False,False
RAI1,3.9949353,0.6746862,0.6746862,False,False
JAG2,3.060291,0.82367164,0.82367164,False,False
SSC5D,1.6551459,0.8469512,0.8469512,False,False
NEDD4L,6.8161592,0.9290187,0.9290187,False,False
FCER1A,1.5560418,0.73866254,0.73866254,False,False
TSHR,1.0929582,0.6175609,0.6175609,False,False
CDKN1A,7.438407,0.9004095,0.9004095,False,False
DDX43,0.80749196,0.548463,0.548463,False,False
OSBPL10,4.0537496,0.687628,0.687628,False,False
HERC5,2.798336,0.8022977,0.8022977,False,False
TTC22,5.683004,0.89649063,0.89649063,False,False
AMT,4.270262,0.5945063,0.5945063,False,False
QPCT,3.041631,0.8872238,0.8872238,False,False
ALKBH7,5.649668,0.7460985,0.7460985,False,False
MYO1B,6.4946837,0.99574214,0.99574214,False,False
GOLM1,8.089497,1.3277314,1.3277314,False,False
ZNF275,3.7815154,0.6565006,0.6565006,False,False
SAT2,4.6836505,1.0939902,1.0939902,False,False
SMO,2.4556203,0.67876977,0.67876977,False,False
NAV2,4.062178,0.75997436,0.75997436,False,False
FLRT3,3.1787155,1.0761982,1.0761982,False,False
TMED3,5.8469195,0.7500685,0.7500685,False,False
PKMYT1,2.628534,0.73149097,0.73149097,False,False
BICD1,2.6532986,0.81115186,0.81115186,False,False
ANKRD29,1.7426002,0.91774684,0.91774684,False,False
PXK,4.298939,0.74251264,0.74251264,False,False
NLGN1,1.1168191,0.75886136,0.75886136,False,False
FAM111B,4.06936,0.9525945,0.9525945,False,False
SLC39A6,4.4941883,0.7477094,0.7477094,False,False
KRT19,10.151684,1.1547186,1.1547186,False,False
LITAF,7.0978084,0.9958029,0.9958029,False,False
CHRM4,1.8493954,1.38686,1.38686,False,False
CEL,0.90218836,0.7161458,0.7161458,False,False
SRRM2,7.645713,0.6928576,0.6928576,False,False
DNPH1,5.274989,0.6656145,0.6656145,False,False
KCNK1,4.8320704,1.020793,1.020793,False,False
DHCR7,4.60534,0.7862121,0.7862121,False,False
IGSF10,1.5457463,0.72889584,0.72889584,False,False
SH3RF3,2.6453593,0.670831,0.670831,False,False
CD276,4.343924,0.7564166,0.7564166,False,False
SPOCK1,1.0776086,0.82068765,0.82068765,False,False
PALD1,2.9153268,0.79220444,0.79220444,False,False
CLDN4,8.679059,1.249957,1.249957,False,False
TRERF1,3.6241772,0.72452843,0.72452843,False,False
FOXP2,3.576139,0.9477917,0.9477917,False,False
CHRD,1.8008071,0.73761743,0.73761743,False,False
NFKBIE,3.9416542,0.6144016,0.6144016,False,False
MAP1A,2.5469306,0.7731865,0.7731865,False,False
GPT2,3.7390232,0.87364286,0.87364286,False,False
CBX5,6.4629974,0.8261928,0.8261928,False,False
NDE1,4.630704,0.6513854,0.6513854,False,False
CEP170B,6.4396625,0.9455246,0.9455246,False,False
TBC1D4,5.4521194,0.85849535,0.85849535,False,False
KREMEN1,5.248525,0.862268,0.862268,False,False
ARHGAP11A,4.216886,0.78486043,0.78486043,False,False
LGALS3BP,8.455031,1.1399953,1.1399953,False,False
ABCG1,5.7506256,0.8820132,0.8820132,False,False
OPLAH,4.8775244,0.7193744,0.7193744,False,False
LAG3,1.5881355,1.0601293,1.0601293,False,False
IL6R,5.824515,0.8877728,0.8877728,False,False
ULK3,5.5616245,0.8353573,0.8353573,False,False
DBP,3.3210666,1.007501,1.007501,False,False
CLCN7,5.0636487,0.6604485,0.6604485,False,False
POU2F3,1.1865604,0.6428595,0.6428595,False,False
HSPA5,8.134501,0.9095676,0.9095676,False,False
HOXA11-AS,2.2002022,1.4336386,1.4336386,False,False
NINJ1,3.7215488,1.0386181,1.0386181,False,False
AGTR1,0.7908441,0.58391035,0.58391035,False,False
CDCA8,3.5294867,0.77579236,0.77579236,False,False
FXYD6,2.3494332,0.96575296,0.96575296,False,False
KLHL29,2.256442,0.7054548,0.7054548,False,False
KRT20,10.321096,1.5269803,1.5269803,False,False
LTBP4,5.937776,0.95806164,0.95806164,False,False
KAZALD1,3.8302865,0.71657366,0.71657366,False,False
IL5RA,1.1890721,0.62381834,0.62381834,False,False
TLE2,3.5442538,1.2379422,1.2379422,False,False
BNC2,3.0612504,0.859391,0.859391,False,False
BAG2,3.0649137,0.85041386,0.85041386,False,False
TMEM63A,6.10073,0.7774886,0.7774886,False,False
SLC2A10,4.4029617,1.0227028,1.0227028,False,False
RASAL1,3.0281553,0.9121809,0.9121809,False,False
TRIM58,1.4616282,1.0349885,1.0349885,False,False
HGD,4.651168,0.93685895,0.93685895,False,False
ECM2,2.4094164,1.0750968,1.0750968,False,False
PARVB,2.5838652,0.8902332,0.8902332,False,False
ASB13,5.341791,0.7035032,0.7035032,False,False
TAF4B,3.2605178,0.7899882,0.7899882,False,False
DACT1,2.9111004,0.6982696,0.6982696,False,False
HMOX1,5.41671,0.9034739,0.9034739,False,False
IGFLR1,2.6262903,1.0190715,1.0190715,False,False
MAP3K14,4.184737,0.6514266,0.6514266,False,False
RBM47,8.1970005,0.8513047,0.8513047,False,False
LDB3,1.0766734,0.6979609,0.6979609,False,False
SLC46A3,6.3729835,1.2386289,1.2386289,False,False
TTC38,7.0236144,0.7660838,0.7660838,False,False
RASD1,3.3267057,0.9182771,0.9182771,False,False
NAP1L1,6.439119,0.79147434,0.79147434,False,False
LGMN,6.4827027,0.7973838,0.7973838,False,False
CLSPN,3.2443924,0.75861216,0.75861216,False,False
KLHL13,2.9063752,0.79078627,0.79078627,False,False
HSD3B7,4.5600276,0.7035533,0.7035533,False,False
PSAP,9.421841,0.87825674,0.87825674,False,False
HCFC1,5.5525126,0.67308325,0.67308325,False,False
DHRS1,4.1564198,0.72092503,0.72092503,False,False
PEG3,1.6929773,0.75645995,0.75645995,False,False
AMOTL2,3.8055415,0.8462765,0.8462765,False,False
ARSD,6.3686256,0.9647409,0.9647409,False,False
MAGEH1,3.1837196,0.7563966,0.7563966,False,False
HSH2D,4.112601,0.76449555,0.76449555,False,False
TMEM204,2.9486308,0.78222156,0.78222156,False,False
TAPBP,7.579067,0.8623266,0.8623266,False,False
PPM1K,4.4883513,0.87497777,0.87497777,False,False
SPATA20,5.4365683,0.71034276,0.71034276,False,False
SGTB,3.1048121,0.77933705,0.77933705,False,False
TMEM141,6.0940785,1.1138386,1.1138386,False,False
CGNL1,2.8471048,0.87272334,0.87272334,False,False
DBN1,3.2692072,0.83231914,0.83231914,False,False
GNL3,5.9131246,0.7312252,0.7312252,False,False
TMEM150C,2.8115094,0.72720015,0.72720015,False,False
FGL2,6.9411087,1.0792443,1.0792443,False,False
MYB,5.5963116,1.1509303,1.1509303,False,False
ALOX5AP,3.077358,0.8544063,0.8544063,False,False
IGFBP6,2.5010967,0.9865619,0.9865619,False,False
TMPRSS2,8.257245,1.3457351,1.3457351,False,False
KIF5C,2.5352848,1.3035605,1.3035605,False,False
LRIG1,5.853098,0.9070712,0.9070712,False,False
ADORA2A,1.8757639,0.8833986,0.8833986,False,False
HECW2,2.3436897,0.85811925,0.85811925,False,False
PC,4.797097,0.76019025,0.76019025,False,False
ZC3H12D,4.0143943,0.7546811,0.7546811,False,False
GAA,5.0810003,0.67082065,0.67082065,False,False
ZMAT1,2.2315257,0.9151775,0.9151775,False,False
GALNT14,1.4609674,1.5491322,1.5491322,False,False
MAP9,2.3614697,0.9206506,0.9206506,False,False
ATP11A,4.4613523,0.96883583,0.96883583,False,False
TDRP,2.095407,0.92945033,0.92945033,False,False
PFKP,6.528301,0.65580785,0.65580785,False,False
PDK1,5.4019413,0.912492,0.912492,False,False
FABP5,5.128277,0.957192,0.957192,False,False
FAM3D,7.890566,1.4055178,1.4055178,False,False
